primary_state,peer_median_Tot_Sbmtd_Chrg,peer_p75_Tot_Sbmtd_Chrg,peer_p95_Tot_Sbmtd_Chrg,peer_median_Tot_Mdcr_Alowd_Amt,peer_p75_Tot_Mdcr_Alowd_Amt,peer_p95_Tot_Mdcr_Alowd_Amt,peer_median_Tot_Mdcr_Pymt_Amt,peer_p75_Tot_Mdcr_Pymt_Amt,peer_p95_Tot_Mdcr_Pymt_Amt,peer_median_Tot_Mdcr_Stdzd_Amt,peer_p75_Tot_Mdcr_Stdzd_Amt,peer_p95_Tot_Mdcr_Stdzd_Amt,peer_median_Tot_Benes,peer_p75_Tot_Benes,peer_p95_Tot_Benes,peer_median_Tot_Srvcs,peer_p75_Tot_Srvcs,peer_p95_Tot_Srvcs,peer_median_Bene_Avg_Risk_Scre,peer_p75_Bene_Avg_Risk_Scre,peer_p95_Bene_Avg_Risk_Scre,peer_median_Bene_Avg_Age,peer_p75_Bene_Avg_Age,peer_p95_Bene_Avg_Age,peer_median_Bene_CC_PH_Diabetes_V2_Pct,peer_p75_Bene_CC_PH_Diabetes_V2_Pct,peer_p95_Bene_CC_PH_Diabetes_V2_Pct,peer_median_Bene_CC_PH_HF_NonIHD_V2_Pct,peer_p75_Bene_CC_PH_HF_NonIHD_V2_Pct,peer_p95_Bene_CC_PH_HF_NonIHD_V2_Pct,peer_median_Bene_CC_PH_CKD_V2_Pct,peer_p75_Bene_CC_PH_CKD_V2_Pct,peer_p95_Bene_CC_PH_CKD_V2_Pct,peer_median_Bene_CC_PH_Afib_V2_Pct,peer_p75_Bene_CC_PH_Afib_V2_Pct,peer_p95_Bene_CC_PH_Afib_V2_Pct,peer_median_Bene_CC_BH_Depress_V1_Pct,peer_p75_Bene_CC_BH_Depress_V1_Pct,peer_p95_Bene_CC_BH_Depress_V1_Pct,peer_median_Bene_CC_PH_Cancer6_V2_Pct,peer_p75_Bene_CC_PH_Cancer6_V2_Pct,peer_p95_Bene_CC_PH_Cancer6_V2_Pct,peer_median_Bene_CC_PH_COPD_V2_Pct,peer_p75_Bene_CC_PH_COPD_V2_Pct,peer_p95_Bene_CC_PH_COPD_V2_Pct,peer_median_Bene_CC_PH_IschemicHeart_V2_Pct,peer_p75_Bene_CC_PH_IschemicHeart_V2_Pct,peer_p95_Bene_CC_PH_IschemicHeart_V2_Pct
AA,261024.7666666667,376870.9475,598105.12975,58239.46583333333,73947.48520833334,101164.77441666665,44414.06625,55752.48520833333,77184.80741666666,45554.13083333333,56057.07375,77852.98533333333,598.7083333333334,711.625,864.4541666666665,1342.7916666666667,1710.75,2302.6875,1.4765499999999998,1.6652770833333335,1.87218125,71.41666666666667,73.02083333333333,74.29166666666667,34.458333333333336,38.083333333333336,41.46666666666667,24.05,27.325,30.825,26.625,29.625,33.483333333333334,21.5,23.045454545454547,25.65,26.125,30.354166666666668,32.770833333333336,17.636363636363637,18.75,19.804545454545455,23.954545454545453,26.65909090909091,29.081818181818175,28.958333333333332,32.0,36.829166666666666
AE,430160.4184482758,497431.4862931035,609861.7742586207,66418.905,87416.37905172413,115522.49129310345,51520.066551724136,67636.1597413793,89789.45977586207,52572.628965517244,68200.22301724138,89495.27751724137,135.6206896551724,194.75862068965517,285.48620689655166,643.8275862068965,813.2155172413793,1233.1827586206896,1.4885775862068966,1.6575379310344829,2.010328620689655,71.51724137931035,72.66379310344827,74.41034482758621,36.785714285714285,39.75892857142857,46.65535714285714,21.62962962962963,24.935185185185187,29.06481481481481,27.94,31.98,36.046,20.583333333333332,23.427083333333332,28.581249999999997,32.666666666666664,36.31481481481482,40.727777777777774,15.92,17.35,19.311999999999998,21.24,24.07,28.153999999999996,31.384615384615383,34.47115384615385,39.161538461538456
AK,748315.6267283951,1341732.9017592594,2756945.8065555543,145535.627654321,244858.66101851853,530504.3253024687,114069.14895061728,192579.1736419753,421587.79007407377,98147.85333333333,168228.8539197531,372390.4653580245,254.3148148148148,358.7283950617284,739.3277777777774,2091.588271604938,5395.299691358025,22893.24907407407,1.3614314814814814,1.5683688271604939,1.9232775308641972,70.69753086419753,71.99691358024691,73.71296296296296,30.391025641025642,34.34615384615385,41.5525641025641,17.341772151898734,20.813291139240505,29.253797468354428,20.205128205128204,24.28205128205128,31.516025641025635,18.335443037974684,21.47151898734177,27.578481012658226,22.45679012345679,26.064814814814813,32.16481481481481,16.23125,19.075,25.005625,19.031645569620252,23.7626582278481,31.265189873417718,24.544303797468356,28.550632911392405,35.33037974683543
AL,341980.48888888885,729709.9737626263,1753234.1288383836,118928.06308080808,261811.0638131313,697147.8597272725,93203.70555555556,206466.1057070707,561694.7199747473,99539.87924242424,217783.7305808081,589184.6790505048,273.9343434343434,482.8888888888889,1046.3797979797978,1802.6308080808083,6772.50707070707,21439.58484848484,1.579478787878788,1.8581747474747476,2.4058832828282823,70.65151515151516,72.67929292929293,75.05707070707071,38.265306122448976,42.4719387755102,48.917857142857144,23.707070707070706,29.12878787878788,36.9050505050505,28.984848484848484,34.707070707070706,42.96363636363636,21.626262626262626,25.876262626262626,32.54494949494949,30.04591836734694,34.77040816326531,42.08418367346939,16.397959183673468,20.528061224489797,28.340816326530607,24.170103092783506,29.27319587628866,36.47474226804123,34.845360824742265,39.96134020618557,47.103092783505154
AP,97888.48041666667,172669.67166666666,303977.7081458333,27048.39333333333,50701.80739583333,80308.00056249999,20763.536458333332,38762.174895833334,62108.72627083332,20761.037916666668,38799.27427083333,61365.30770833333,149.75,281.1458333333333,405.49583333333334,323.1875,685.8958333333334,1466.2749999999999,1.5882770833333335,1.8851333333333333,2.2028106249999997,71.3125,73.0,74.66666666666667,37.75,43.861111111111114,50.90833333333333,19.944444444444443,27.083333333333332,32.849999999999994,27.083333333333332,33.583333333333336,41.16111111111111,20.13888888888889,24.958333333333332,30.744444444444444,32.8235294117647,37.5735294117647,43.94411764705882,15.5,17.32894736842105,19.134210526315787,22.18421052631579,26.32894736842105,30.105263157894736,30.97222222222222,37.34722222222222,42.02777777777778
AR,399109.2056914894,1443173.0996276597,2926222.404069148,136188.37489361703,422672.48063829786,863629.1029468082,105986.72819148935,334025.6521808511,685455.9384627658,114782.9194680851,357982.51845744683,722962.4237446806,343.6170212765957,657.343085106383,1133.576063829787,2130.316489361702,11091.920744680852,26576.64021276595,1.5686537234042555,1.8275114361702125,2.3189714361702127,70.72340425531915,72.92021276595744,75.28404255319148,35.02808988764045,39.37359550561798,46.22303370786516,22.027173913043477,27.782608695652176,37.07173913043478,24.966666666666665,30.51388888888889,39.401111111111106,22.093406593406595,25.98076923076923,33.31263736263736,31.16304347826087,36.19021739130435,44.35326086956521,18.630434782608695,21.404891304347824,28.7320652173913,23.961111111111112,28.880555555555556,36.218888888888884,36.483695652173914,41.33152173913044,49.08152173913044
AS,154827.66666666666,178450.16666666666,203095.2333333333,30707.491666666665,34681.77916666667,37550.81316666666,23823.28833333333,26742.894166666665,29073.88983333333,24926.91333333333,27808.6225,30044.4615,157.33333333333334,180.75,197.88333333333333,756.5,831.6666666666666,888.2333333333332,1.347133333333333,1.3950833333333332,1.52142,67.0,68.25,69.14999999999999,32.5,35.5,37.75,18.75,19.875,24.15,24.75,27.125,28.3,17.5,18.375,20.075,41.0,41.5,42.199999999999996,11.5,12.0,12.4,28.25,31.375,33.125,28.75,29.625,33.77499999999999
AZ,417558.4855882353,960375.2885294117,3271447.2249999866,156288.09274509805,344102.6008823529,1189762.3996470585,123168.5736764706,271855.89019607846,1033742.603705882,124742.1593137255,273738.6675490196,1035794.4859068624,255.81372549019608,491.7328431372549,1155.5421568627442,2764.213725490196,8493.856372549018,36575.06073529407,1.4951553921568628,1.749263480392157,2.306400735294117,72.93137254901961,74.42156862745098,76.58970588235293,29.78787878787879,35.31818181818182,45.59747474747474,17.7979797979798,23.035353535353536,32.17171717171717,29.135,34.1525,42.373999999999995,20.69,24.9975,32.6355,27.115,31.655,38.7655,18.96808510638298,22.72872340425532,30.88936170212766,19.551546391752577,23.88659793814433,31.545876288659787,29.96,34.95,43.1035
CA,304090.73433962266,732967.5898113208,2802028.5685518854,103483.35113207548,248668.93363207547,967620.9753301883,81402.37867924529,198934.16962264152,792931.4779150941,74910.39849056603,183648.80384433962,755673.1436320753,235.6556603773585,521.997641509434,1486.8584905660368,1167.1037735849056,3971.8318396226414,74601.21349056598,1.6800853773584905,2.0611551886792454,2.8550989150943393,72.15094339622641,74.20754716981132,76.90801886792453,36.49029126213592,45.02669902912621,58.39611650485437,22.274509803921568,29.563725490196077,42.94509803921567,27.990291262135923,35.029126213592235,47.176213592233005,20.40776699029126,25.17233009708738,34.1247572815534,28.389423076923077,33.82451923076923,43.82067307692307,17.475,22.205,30.846999999999998,19.140776699029125,25.281553398058254,35.698058252427174,30.048076923076923,37.29326923076923,49.17163461538458
CO,254668.05603960395,888818.0684900989,2224733.835623761,88385.97836633663,398087.4920049505,967247.2882970296,68954.46544554456,314533.06113861385,771721.8006485148,67970.95668316832,313727.25910891086,771687.9685495049,226.64356435643563,453.23762376237624,966.6400990099008,1056.289603960396,3617.9470297029707,19893.374356435637,1.4807915841584156,1.785919801980198,2.364570940594059,71.23267326732673,73.05445544554455,75.62128712871286,26.56,31.685,40.806,16.903061224489797,23.196428571428573,32.87602040816326,24.126262626262626,30.856060606060606,40.35959595959596,17.45959595959596,22.255050505050505,29.692424242424234,29.212871287128714,34.448019801980195,42.460891089108905,17.382653061224488,21.446428571428573,28.301530612244896,19.474747474747474,24.550505050505052,34.05858585858586,25.4,30.58,38.82049999999999
CT,345023.6930927835,610864.4161597939,1526120.857979381,99651.62886597938,173464.94489690723,468173.81790721626,78994.1544329897,137731.8494072165,372743.78872680385,74110.08711340207,129345.11979381442,353714.2836597936,216.81443298969072,404.9355670103093,877.7886597938141,916.159793814433,2536.5048969072163,9635.612886597934,1.5843659793814433,1.8994819587628866,2.503526958762886,72.33505154639175,74.6340206185567,77.4701030927835,33.3563829787234,38.619680851063826,47.07074468085107,22.143617021276597,28.77659574468085,37.98617021276595,24.861702127659573,31.085106382978722,40.33085106382978,22.78804347826087,28.20923913043478,36.32065217391305,31.56382978723404,36.994680851063826,45.5218085106383,19.7,23.80263157894737,31.395789473684204,21.73913043478261,26.85054347826087,34.89402173913043,30.07894736842105,35.86842105263158,44.026315789473685
DC,277384.38568965514,495216.4954310345,1168097.5264540226,120707.28011494252,207416.18617816095,445312.99252298824,96245.62798850574,164126.65327586207,363779.39864942513,85618.6208045977,154271.52790229884,344852.7105459769,271.85057471264366,407.60057471264366,1019.8396551724137,1322.7057471264368,2062.0155172413793,8176.218390804595,1.6874678160919538,2.0344097701149426,2.7372939080459764,71.1896551724138,73.25,76.13218390804597,38.80357142857143,46.044642857142854,55.03095238095237,21.898809523809526,29.663690476190474,38.91428571428571,29.08433734939759,35.60843373493976,44.521686746987946,18.47590361445783,23.593373493975903,31.440963855421682,25.195402298850574,29.632183908045977,37.94022988505747,19.98780487804878,25.204268292682926,32.4890243902439,17.029411764705884,21.764705882352942,28.869411764705877,30.196428571428573,36.74702380952381,45.14821428571428
DE,446053.34678160923,929215.2468965518,1829197.114385057,160514.81137931035,331501.1943390804,639951.6836034482,125252.3604597701,262473.98522988503,514168.9432241379,122394.11281609195,257483.03942528737,506103.8394999999,418.2298850574713,656.7298850574713,1052.7695402298848,2258.192528735632,8972.208908045977,20347.223103448272,1.5416683908045976,1.7715879310344829,2.2183726436781606,72.59770114942529,74.21551724137932,76.32011494252875,37.52298850574713,41.39080459770115,47.3287356321839,20.1453488372093,25.401162790697676,33.19360465116279,26.982758620689655,32.189655172413794,39.4683908045977,22.17816091954023,26.21551724137931,32.71724137931034,30.03488372093023,34.98255813953488,42.27558139534884,18.376470588235293,21.352941176470587,28.397647058823527,21.620689655172413,25.882183908045977,31.958045977011494,32.99425287356322,38.46264367816092,45.60632183908046
FL,460485.3490686275,1095990.053480392,3002079.6265980373,198565.53705882354,474506.1199509804,1175483.6432450975,156444.62774509803,377036.93232843134,944455.7082892152,156008.51696078433,378054.52301470586,943607.0112647057,305.9117647058824,590.0808823529412,1460.0617647058816,1709.8745098039217,7174.786274509804,31566.097450980375,1.7494965686274508,2.1274230392156865,2.881310049019607,72.88235294117646,74.93627450980392,78.0720588235294,36.975247524752476,43.01237623762376,53.28564356435643,24.65841584158416,31.537128712871286,42.18564356435643,32.43627450980392,39.00735294117647,48.98039215686274,24.42156862745098,29.58823529411765,37.79901960784313,32.18316831683168,38.16831683168317,48.45643564356435,19.145,23.6525,31.691999999999993,26.12,32.1325,41.735499999999995,38.69607843137255,45.10294117647059,54.15833333333333
FM,69178.5,83654.25,95234.84999999999,32695.405000000002,41068.192500000005,47766.4225,25615.629999999997,32275.984999999997,37604.26899999999,24757.885000000002,31215.127500000002,36380.921500000004,42.5,49.25,54.65,326.5,395.25,450.25,1.38415,1.481875,1.560055,50.0,51.5,52.7,29.0,29.0,29.0,,,,23.0,23.0,23.0,0.0,0.0,0.0,74.0,74.5,74.9,0.0,0.0,0.0,,,,,,
GA,318402.36232323234,657581.1896717172,1881022.7212878782,98009.5788888889,195592.54684343433,570964.7311616159,76288.73691919191,154591.2657828283,463665.61448989884,76727.36444444445,158173.897020202,476609.67952020187,244.3838383838384,435.7878787878788,959.872222222222,1132.8489898989899,3527.6388888888887,15623.13176767675,1.5843282828282828,1.9329666666666665,2.6846004545454543,71.20707070707071,73.5050505050505,76.08585858585859,35.44897959183673,41.33418367346939,50.916836734693874,21.974747474747474,28.356060606060606,38.655050505050504,28.913265306122447,35.44387755102041,46.067857142857136,19.18877551020408,24.494897959183675,32.55459183673469,28.324742268041238,33.43556701030928,42.03762886597936,17.1010101010101,21.164141414141415,28.497979797979795,21.392857142857142,26.428571428571427,34.6688775510204,30.77777777777778,36.46969696969697,44.617171717171715
GU,242154.61609999998,414135.99450000003,701256.4795199999,126667.5211,193961.07434999998,322329.20888999995,97963.5469,150779.9059,251529.05294999995,98341.5086,152603.7882,242524.26171999995,216.22,324.94,455.8109999999999,2401.29,4350.991,7346.781899999999,1.8451419999999998,2.105966,2.5005567999999996,71.36,72.075,73.214,56.07,59.385,62.94799999999999,26.822916666666668,30.328125,34.55625,38.12,42.075,47.674,18.8,21.6,25.41333333333333,10.443181818181818,13.840909090909092,19.03181818181818,18.48913043478261,20.054347826086957,23.88695652173913,17.26530612244898,20.0,23.581632653061224,30.48936170212766,33.962765957446805,38.621276595744675
HI,221867.0881111111,511899.68922222225,1479854.6060333329,70462.68827777778,166044.13669444446,515276.5858944443,54600.84183333333,136490.70866666667,430922.56422222214,53520.12855555556,131819.6780277778,422396.3527555554,192.48888888888888,520.925,1256.197222222222,807.1355555555555,5204.397777777777,27161.10816666665,1.4810911111111111,1.7561769444444444,2.340643111111111,73.30555555555556,74.94722222222222,77.40722222222222,35.60588235294118,40.87647058823529,49.22999999999999,16.93103448275862,21.99137931034483,31.24425287356322,33.18390804597701,39.61206896551724,49.02758620689655,17.551724137931036,21.910919540229884,29.030459770114938,16.738372093023255,21.476744186046513,29.76627906976744,18.42528735632184,23.051724137931036,30.7183908045977,14.311764705882354,18.026470588235295,24.729411764705876,25.308139534883722,30.04360465116279,37.75523255813953
IA,385876.27046875004,744929.7266666667,1548192.4055677077,113525.481875,232406.51111979166,503536.1176614582,88557.30828125,182032.07197916668,398617.5760572916,93484.22385416667,190271.01864583333,413230.6756354166,305.5104166666667,576.2083333333334,1059.4078124999999,1473.4572916666666,5520.889583333334,13580.230260416663,1.5084885416666667,1.7270721354166667,2.200242864583333,71.80729166666667,73.4453125,75.6203125,31.488888888888887,35.077777777777776,41.87944444444444,20.119565217391305,24.932065217391305,33.38097826086956,25.29891304347826,30.527173913043477,39.07282608695652,20.198924731182796,23.801075268817204,30.33978494623656,31.152173913043477,35.13586956521739,42.97608695652173,17.29032258064516,20.236559139784948,27.03978494623656,20.02173913043478,24.28804347826087,31.58641304347826,29.17222222222222,33.86388888888889,41.88055555555555
ID,216652.8106185567,386566.73873711337,1073638.3249690712,82475.53324742267,147079.4756701031,420666.60357216466,63903.32783505155,115001.94518041237,351166.7073608245,67896.88103092783,120904.59322164948,356363.5935567009,284.5979381443299,436.47680412371136,1488.7608247422647,989.6134020618557,2636.75412371134,11545.232268041233,1.4111974226804123,1.569943556701031,1.910666855670103,71.14948453608247,72.72938144329896,74.9082474226804,30.904255319148938,34.92553191489362,41.6563829787234,17.559139784946236,21.943548387096776,29.509677419354833,23.856382978723403,27.736702127659573,34.94308510638297,18.569148936170212,22.08776595744681,28.111170212765952,30.46276595744681,34.65691489361702,40.97872340425532,17.0,20.099462365591396,26.11290322580645,17.277173913043477,20.79076086956522,26.278260869565216,23.71195652173913,27.717391304347824,34.71358695652174
IL,661812.516047619,1158573.354452381,2479584.500728571,147381.33866666668,310011.48326190474,722234.6078666664,115803.52161904762,246132.6733809524,584411.656685714,112461.0687142857,240944.39438095238,575780.5849619046,282.0095238095238,485.09285714285716,1168.6509523809507,1162.1242857142856,4359.458095238095,20971.47090476188,1.6629185714285715,2.0120090476190478,2.6559045238095234,72.60952380952381,74.59285714285714,77.1347619047619,36.44711538461539,42.59375,52.686057692307685,25.431372549019606,32.75,43.20931372549019,28.902912621359224,35.04611650485437,45.33106796116504,22.762376237623762,27.301980198019802,35.48613861386138,28.21359223300971,33.359223300970875,41.387378640776696,20.15841584158416,23.794554455445546,31.43118811881188,23.47029702970297,29.247524752475247,38.369306930693064,33.84615384615385,39.70432692307692,48.38221153846154
IN,339152.9821938775,656378.5592857143,1855052.83910204,103059.53311224488,213730.06599489797,564227.1101071427,80175.32193877551,168610.54535714287,455954.51642346923,84909.05831632653,175961.7333163265,471538.9761071428,280.4183673469388,468.55867346938777,1187.0785714285712,1143.4122448979592,3946.594132653061,17973.822142857134,1.5692102040816327,1.8566987244897961,2.488479336734694,70.7295918367347,72.95918367346938,75.58265306122449,36.636842105263156,41.72894736842105,49.588421052631574,21.567708333333332,28.2578125,39.09166666666666,27.973958333333332,33.403645833333336,42.69635416666666,20.121052631578948,24.942105263157895,33.00368421052631,33.145833333333336,38.53125,47.62708333333333,17.918367346938776,20.93622448979592,28.114285714285714,25.205263157894738,31.15,39.89210526315789,32.296875,38.036458333333336,46.54114583333333
KS,416097.277393617,783932.3932446808,2485541.701196808,179423.65574468084,333485.0025265958,923843.7671382978,139836.54579787233,262575.84218085103,745106.575861702,143959.57542553192,269754.3732712766,757543.3047234042,368.0744680851064,581.7047872340426,1283.3313829787232,26382.053723404253,31914.088031914893,54758.84436170212,1.5418207446808512,1.8214938829787235,2.3441867553191487,71.65957446808511,73.5,75.65,34.34444444444444,38.327777777777776,45.48444444444444,20.866666666666667,26.08888888888889,35.98888888888889,25.917582417582416,31.00824175824176,38.82527472527472,21.324175824175825,25.48076923076923,33.1032967032967,32.61413043478261,37.255434782608695,44.55597826086956,18.15934065934066,21.321428571428573,29.09285714285714,22.47222222222222,27.041666666666668,33.611666666666665,32.41208791208791,37.92307692307692,45.504945054945054
KY,356745.0590909091,593353.9351010101,1406388.1313383835,115731.1506060606,192445.18454545454,478348.76004545443,90209.87176767677,151153.1421969697,382168.175090909,94695.12994949495,158826.0677777778,397248.114570707,289.72222222222223,472.73737373737373,995.720707070707,2097.938888888889,3832.4916666666663,16498.429292929282,1.5870257575757578,1.851959090909091,2.351568434343434,70.83838383838383,72.97727272727273,75.58636363636364,37.535353535353536,42.31818181818182,49.96212121212121,23.69191919191919,29.77020202020202,38.47676767676767,28.341836734693878,34.00255102040816,42.838265306122445,22.126262626262626,26.108585858585858,33.15,32.75757575757576,37.61363636363637,45.83888888888888,17.95360824742268,21.45360824742268,27.895360824742266,29.372448979591837,35.576530612244895,45.467857142857135,33.84848484848485,39.17171717171717,46.72323232323232
LA,244987.51340206186,541656.9970360824,1674320.6012680405,79887.41164948454,175191.72739690723,532824.6062989688,62228.7856185567,137832.9311082474,430028.95499999984,64201.328814432985,143583.27028350515,434358.674768041,225.87113402061857,422.13659793814435,1008.2201030927831,937.7005154639174,2937.985824742268,13945.877680412357,1.6836927835051545,1.984337113402062,2.551295927835051,70.11855670103093,72.11855670103093,74.59381443298969,38.086021505376344,42.84139784946237,50.56344086021505,23.065217391304348,29.195652173913043,38.06576086956522,28.393617021276597,34.223404255319146,43.44521276595744,20.032608695652176,24.190217391304348,31.39565217391304,30.95744680851064,36.170212765957444,44.165957446808505,16.50537634408602,19.752688172043012,26.844623655913974,22.81382978723404,27.800531914893618,35.14946808510638,35.08152173913044,40.87228260869565,48.94402173913042
MA,486769.4380392157,843895.2191911765,2766761.288607841,123960.57416666666,249545.82394607842,823232.3294313718,99243.97166666668,201327.1963970588,724826.8818578426,93690.3062745098,191025.91397058824,711647.7303088229,285.88235294117646,494.75,1292.6156862745095,1086.411274509804,2241.6144607843135,18935.28235294114,1.5502495098039215,1.840010294117647,2.4354259803921563,71.0343137254902,73.60049019607843,76.51029411764706,30.116161616161616,35.60353535353536,44.76818181818181,19.489795918367346,25.931122448979593,36.68928571428571,25.31122448979592,31.604591836734695,41.807653061224485,20.469072164948454,25.49742268041237,34.48917525773196,33.61224489795919,38.98724489795919,47.69030612244897,20.494897959183675,24.915816326530614,32.49897959183673,20.195876288659793,25.2680412371134,33.419587628865976,28.060606060606062,34.23232323232323,43.5560606060606
MD,285168.35336633667,642988.9242079208,3518381.301653464,112333.73866336634,245302.50212871286,1355606.6848811875,87909.62386138614,194539.62745049509,1066704.0210099006,82716.14301980198,186394.13903465346,1041072.2119900987,266.03960396039605,505.13861386138615,3860.6722772277226,1293.4940594059406,4515.9004950495055,37821.22782178217,1.5675306930693071,1.8801799504950496,2.615455940594059,71.6980198019802,73.86138613861387,76.87326732673267,36.38,42.0875,51.7245,20.626262626262626,27.03787878787879,37.28080808080808,26.6010101010101,33.93181818181818,44.69242424242424,20.335,24.6875,32.4745,29.939393939393938,35.714646464646464,44.802020202020195,19.055,22.625,30.709499999999984,20.69191919191919,25.96212121212121,34.083333333333336,30.875,36.9725,45.30749999999999
ME,193936.20041666666,386868.0655729167,858882.8091927081,68503.74984375,147766.51208333333,353750.8675677083,53356.11729166666,120763.17005208333,290335.9103645833,54535.465625000004,122057.12231770833,292209.9259427083,283.3072916666667,542.7369791666666,908.2604166666665,814.6791666666667,4269.122656250001,12774.52130208333,1.5269703124999998,1.7114528645833333,2.0499232291666662,70.921875,72.91666666666667,75.22135416666667,30.887096774193548,35.115591397849464,41.76827956989247,20.074468085106382,24.35372340425532,31.955851063829776,24.429347826086957,28.796195652173914,36.68967391304348,20.817204301075268,24.026881720430108,30.62849462365591,33.43617021276596,38.125,44.64148936170212,17.909574468085108,21.023936170212767,26.52659574468085,23.25,27.805851063829788,34.30106382978723,27.317204301075268,31.956989247311828,39.00322580645161
MI,272473.08905940596,510668.1894554455,1398229.8556534646,100755.02821782177,183653.71004950494,543187.0898861384,79223.45816831684,145822.87891089107,437523.8063564355,79657.88955445544,147444.98212871287,442311.6452227721,242.22277227722773,414.74257425742576,932.3811881188118,1007.9950495049505,2219.926485148515,11015.01242574257,1.6966138613861386,2.017933168316832,2.6664378712871284,70.48514851485149,72.66584158415841,75.53564356435643,36.984693877551024,42.650510204081634,53.02346938775509,25.51530612244898,32.57397959183673,44.005612244897954,29.341836734693878,35.933673469387756,45.8719387755102,21.821428571428573,26.492346938775512,35.203061224489794,31.90721649484536,37.600515463917525,46.038144329896895,17.520408163265305,21.507653061224488,28.616836734693877,26.48469387755102,33.00765306122449,43.20663265306121,33.86224489795919,40.89540816326531,50.53826530612245
MN,232246.8503030303,415699.28790404036,1162893.325393939,77042.13727272727,131798.2238131313,328814.06234848476,60692.216262626265,106155.59363636363,268235.8757676767,61176.92212121212,106649.97204545455,265949.52685353527,233.73232323232324,390.479797979798,954.931818181818,1197.358585858586,2349.976767676768,8870.372222222222,1.6038560606060606,1.908299494949495,2.55640404040404,69.88888888888889,72.22727272727273,75.5020202020202,29.448453608247423,34.00515463917526,42.732474226804115,19.6734693877551,25.283163265306122,35.6469387755102,27.54639175257732,34.175257731958766,44.584020618556686,20.211340206185568,24.97680412371134,33.700515463917526,33.12755102040816,38.46938775510204,47.65765306122449,17.25257731958763,21.440721649484537,29.343298969072162,17.260416666666668,21.828125,29.398958333333326,27.056701030927837,32.327319587628864,42.24587628865978
MO,414103.9969387755,684835.5821683673,1762364.1071122438,104578.91076530611,200763.54158163266,540252.334270408,81497.41260204081,157008.3849489796,426625.67788265296,83327.0193877551,160977.6706632653,435713.2757091835,274.01020408163265,531.1071428571429,1246.1239795918364,1315.1382653061225,3683.315051020408,19692.843571428526,1.638870918367347,1.9420540816326533,2.548687857142857,70.54081632653062,72.74489795918367,75.51071428571429,34.713541666666664,39.885416666666664,48.015625,22.677083333333332,28.973958333333332,38.379687499999996,28.438144329896907,34.18298969072165,43.66288659793814,21.338541666666668,25.9609375,33.52291666666667,32.776041666666664,37.989583333333336,46.0859375,18.666666666666668,21.809895833333332,28.684375,24.762886597938145,29.742268041237114,37.88556701030927,31.958333333333332,36.958333333333336,45.248437499999994
MP,93810.1075,185405.50828125002,307908.4069375,34300.6103125,75475.456875,114034.95721874997,24639.210625,54463.962343750005,84425.32868749998,23575.755625,54933.00046875,82800.64799999997,120.84375,164.109375,205.59374999999997,534.89375,948.4375,1257.0137499999998,2.044928125,2.6092640625,3.0434490624999997,70.25,71.421875,73.25625,53.625,58.9375,63.11875,23.65625,27.1875,33.459374999999994,33.2,41.333333333333336,46.733333333333334,15.307692307692308,18.557692307692307,23.69615384615384,13.384615384615385,17.673076923076923,20.23846153846154,12.208333333333334,17.0,27.708333333333332,16.636363636363637,21.454545454545453,25.836363636363636,22.464285714285715,26.196428571428573,30.77142857142857
MS,468256.0873404255,930035.9958510639,2220271.178574467,135465.46223404256,293798.7738031915,690524.5101489358,107065.59255319148,231501.28646276594,551098.6824414891,115587.4759574468,244443.73138297873,574887.649904255,492.15425531914894,847.8377659574468,1525.5643617021276,1793.6478723404255,7138.506117021276,23938.719999999987,1.5891175531914894,1.8296765957446808,2.3505654255319146,70.54255319148936,72.39095744680851,74.53882978723404,38.855555555555554,42.52777777777778,48.85666666666666,21.837078651685392,26.68258426966292,35.86348314606741,25.294444444444444,29.788888888888888,37.84888888888889,19.267045454545453,22.664772727272727,28.94488636363636,29.48876404494382,33.78932584269663,40.8629213483146,17.038888888888888,19.511111111111113,25.290555555555546,22.59550561797753,26.474719101123597,33.52752808988764,33.144444444444446,37.25833333333333,43.98555555555556
MT,240322.81424418604,433574.8217151163,867873.0701279065,92628.82581395349,161732.2309883721,314556.9838662789,71995.94244186046,126500.70188953489,247228.40669767428,71095.50645348837,125188.53906976743,246059.807610465,314.88953488372096,493.6744186046512,826.4127906976743,1067.3372093023256,2406.078488372093,6950.665697674413,1.274574418604651,1.4740697674418604,1.835653895348837,71.73837209302326,73.19767441860465,75.35755813953489,26.458823529411763,31.04705882352941,38.64235294117647,15.779761904761905,19.991071428571427,27.64285714285714,18.607142857142858,22.720238095238095,30.277976190476185,18.273809523809526,21.654761904761905,27.624999999999993,28.129411764705882,32.47941176470588,38.707647058823525,17.18452380952381,20.026785714285715,25.136309523809523,18.36144578313253,22.674698795180724,29.371084337349394,23.433734939759034,27.41566265060241,35.04578313253012
NC,318645.59088235296,655643.0955392156,1769027.0514999994,113523.55382352941,260470.5322303922,673145.0286519605,88094.09676470587,204508.9911029412,544444.2667598038,90643.21455882353,208840.5462990196,555299.4856617644,334.5147058823529,520.5661764705883,1118.5460784313723,1712.0661764705883,7821.892892156862,27638.719607843126,1.582096568627451,1.8898485294117648,2.5055463235294115,70.81372549019608,72.90441176470588,75.49705882352941,34.89393939393939,40.31060606060606,49.08282828282828,20.729591836734695,26.864795918367346,37.15510204081632,27.183673469387756,33.16836734693877,43.551020408163254,19.88888888888889,24.3510101010101,31.969191919191918,31.19,36.075,44.90549999999999,18.05392156862745,21.720588235294116,29.270098039215682,21.505050505050505,26.295454545454547,34.38535353535354,29.045454545454547,34.196969696969695,43.14343434343434
ND,277023.53005681816,481438.23647727276,1309587.5567102267,86679.85767045456,143513.69079545455,438608.7695681816,68280.20920454546,114092.8334090909,366627.33901136345,70469.30556818181,116790.89897727272,369631.9230681816,380.34090909090907,578.5397727272727,997.4392045454545,1271.7250000000001,2554.7988636363634,17091.100340909077,1.4896647727272727,1.6986363636363635,2.1076962499999996,71.16477272727273,72.78125,75.0965909090909,32.18072289156626,35.53915662650602,43.090963855421684,21.904761904761905,26.571428571428573,34.71369047619047,28.246987951807228,32.37951807228916,40.14277108433735,19.5609756097561,23.807926829268293,30.242073170731707,33.68452380952381,37.663690476190474,44.36190476190476,18.529411764705884,20.776470588235295,25.553529411764703,20.648809523809526,24.75297619047619,31.75238095238095,29.261904761904763,33.461309523809526,40.932738095238086
NE,468428.46373626374,805651.3743131869,1566360.3767362633,155239.50115384615,271665.79664835165,561732.9773516483,121610.39351648353,212911.76442307694,448437.16788461525,126993.76384615384,221362.4108791209,461569.81995604385,321.8901098901099,568.1236263736264,1147.6686813186811,6018.407692307692,10022.481043956044,21355.857527472523,1.5243593406593408,1.784192032967033,2.2813501648351644,72.5934065934066,74.1978021978022,76.37527472527472,32.1,36.370588235294115,44.05882352941177,22.132183908045977,27.24712643678161,35.75114942528735,27.870588235294118,33.67941176470588,42.29705882352941,22.093023255813954,26.28488372093023,33.33372093023256,28.96470588235294,33.423529411764704,40.744117647058815,19.867816091954023,24.011494252873565,31.59942528735632,21.982558139534884,26.427325581395348,33.61686046511627,29.122093023255815,33.86046511627907,41.89941860465115
NH,381247.66663043475,654799.8462500001,1283283.2117880431,98447.04820652175,157935.83350543477,335553.3449456521,78077.95298913043,125970.25616847827,266262.8372934782,76130.01043478261,123835.92388586958,263060.4435217391,277.6576086956522,439.73369565217394,859.0244565217391,990.7076086956522,1901.083152173913,6897.239239130434,1.3328663043478262,1.5307622282608697,1.8968965760869563,70.45652173913044,72.56521739130434,75.07119565217391,27.96067415730337,31.89887640449438,38.26516853932584,16.57777777777778,20.852777777777778,29.35222222222222,19.32967032967033,23.835164835164836,32.03351648351648,19.426966292134832,23.1938202247191,29.99719101123595,31.261111111111113,36.172222222222224,42.99666666666666,17.56896551724138,20.78735632183908,27.041954022988506,18.880681818181817,23.042613636363637,29.95454545454545,24.03932584269663,28.528089887640448,36.12584269662921
NJ,380186.69417525775,868620.7179381443,3148086.137804126,121987.6375257732,280217.9115721649,896060.5363041238,95853.58685567012,224715.5331443299,755378.3633195877,88975.7893298969,212897.33028350517,727387.4618092785,313.63917525773195,541.159793814433,1722.95206185567,1557.9907216494846,6218.3958762886605,30448.78587628866,1.6158180412371135,1.9403886597938145,2.6184638659793813,73.30412371134021,75.27577319587628,77.98556701030928,39.833333333333336,46.091145833333336,57.5390625,23.677083333333332,30.9375,41.10156249999999,27.09375,33.067708333333336,42.453125,23.25,29.026041666666668,36.78541666666666,28.984375,34.6328125,42.62552083333333,19.864583333333332,24.2109375,31.364583333333332,22.90625,28.244791666666668,36.32031249999999,37.354166666666664,43.484375,52.77760416666666
NM,224910.69011235953,538104.8218539326,1631334.6272528085,77878.74331460675,171754.60901685394,512285.0585674156,60708.61516853933,135584.06286516853,418256.481719101,61668.48938202247,137519.4575,423433.1365898875,236.68539325842696,415.38483146067415,1258.5494382022468,1000.1067415730337,3772.205337078652,17068.65230337078,1.4791320224719102,1.7657634831460676,2.3285213483146068,71.06741573033707,72.85955056179775,75.34213483146067,34.19886363636363,40.44318181818182,49.92897727272727,17.429411764705883,22.44705882352941,31.119999999999994,23.25581395348837,28.517441860465116,38.025,15.394117647058824,19.561764705882354,26.925882352941173,28.994318181818183,34.14204545454545,42.58693181818182,15.011627906976743,18.59593023255814,25.099999999999994,17.701149425287355,22.557471264367816,30.465517241379306,24.195402298850574,29.399425287356323,38.55287356321839
NV,461549.81252631574,998575.6296842104,2950822.8595052557,146857.63789473684,297397.9422368421,881898.775668421,115510.07063157896,236717.83589473684,732848.0181421051,114254.01015789474,234071.0777894737,731079.2811263155,310.38421052631577,500.69473684210527,1249.3826315789438,2642.9205263157896,6709.087368421053,34544.11073684209,1.5586926315789476,1.876018947368421,2.4642565263157894,71.47894736842105,73.11578947368422,75.44421052631579,36.854838709677416,42.78225806451613,51.01451612903225,20.510752688172044,26.072580645161292,34.92741935483871,28.52127659574468,34.215425531914896,42.81117021276595,19.835106382978722,23.70744680851064,30.569680851063822,28.193548387096776,33.49731182795699,42.00591397849462,16.516304347826086,19.127717391304348,24.889130434782604,23.847826086956523,28.92391304347826,36.40978260869565,30.972826086956523,36.34510869565217,44.24347826086956
NY,374145.5514761905,748385.6987380954,2271670.4493857133,100248.52514285715,204249.27052380954,655107.8409619044,78918.60004761905,162624.49366666668,535820.2353952378,72419.51323809524,147295.0143095238,498515.58960476157,215.66190476190476,450.95714285714286,1361.512380952381,980.0419047619047,2785.3938095238095,17314.414666666653,1.7552966666666667,2.126883095238095,2.8828761428571426,72.32857142857142,74.77380952380952,77.76380952380953,39.28431372549019,47.580882352941174,61.34607843137254,23.723300970873787,31.32766990291262,43.464077669902906,27.111650485436893,34.08252427184466,44.84563106796116,22.04854368932039,27.961165048543688,37.11893203883495,28.401960784313726,34.919117647058826,44.71617647058824,20.348039215686274,25.480392156862745,35.751960784313724,22.388349514563107,28.133495145631066,37.42766990291262,36.17788461538461,43.75961538461539,54.74519230769231
OH,301971.55524038465,694778.1489423077,1897609.9097836523,118580.2202403846,198105.01697115385,546033.0853942303,92810.05985576923,155900.07644230768,452749.8653653842,94811.79961538462,159494.57040865385,459278.54225480737,244.9471153846154,502.6682692307692,1358.7038461538457,1681.3153846153848,3708.404326923077,22185.820673076898,1.6386721153846153,1.9201334134615384,2.511867644230769,71.3173076923077,73.28125,75.92163461538462,34.96534653465346,39.693069306930695,47.745544554455435,24.00990099009901,30.334158415841586,41.26534653465346,28.074257425742573,34.086633663366335,44.01237623762376,22.535,27.34,36.397999999999996,32.54950495049505,37.883663366336634,46.74455445544553,19.583333333333332,23.21813725490196,31.139215686274504,24.094059405940595,29.92079207920792,39.02673267326732,33.415841584158414,39.27970297029703,48.84801980198019
OK,350235.1837878788,795158.1057070708,2373851.313151514,123667.18292929292,267988.06416666665,665542.7273181814,96577.38166666667,212336.26318181818,540983.9159242422,101727.11464646464,221476.5499747475,554717.7459999997,325.2121212121212,549.4267676767677,1309.1388888888887,1526.6727272727273,5213.181060606061,20806.235101010083,1.607270202020202,1.8832146464646466,2.3938289898989895,71.07070707070707,72.92676767676768,75.28585858585859,37.21649484536083,41.84278350515464,49.79742268041237,24.229591836734695,29.283163265306122,37.75051020408163,28.183673469387756,33.701530612244895,42.169387755102036,20.309278350515463,24.371134020618555,31.030927835051546,32.71134020618557,37.24226804123711,44.52474226804123,17.1734693877551,20.285714285714285,27.73571428571428,25.806122448979593,30.56122448979592,38.082653061224484,35.149484536082475,40.45103092783505,48.6381443298969
OR,252702.33752525251,483244.71603535354,1229250.4114444442,73511.98404040404,150556.79376262627,400337.32424242416,57534.13949494949,118625.98275252526,324317.6172727272,56881.66590909091,118552.35282828282,325719.1255757575,230.86868686868686,386.0984848484849,1075.3292929292925,944.2181818181818,3246.799494949495,12511.563686868682,1.4754843434343434,1.7245535353535353,2.253854343434343,71.12626262626263,72.86363636363636,75.09797979797979,28.4234693877551,32.99744897959184,40.61326530612244,19.412371134020617,24.667525773195877,32.84381443298969,23.015463917525775,27.685567010309278,35.6041237113402,19.88144329896907,24.20360824742268,31.395360824742266,28.841836734693878,33.04081632653061,39.93214285714285,18.010204081632654,22.290816326530614,29.144897959183673,17.242268041237114,21.835051546391753,28.879381443298968,23.408163265306122,27.68622448979592,35.92908163265306
PA,218394.974009901,469552.5666336633,1821646.5210544546,77317.74831683168,173965.38034653466,653451.9287277226,60510.92985148515,141763.38863861386,544795.6344603958,60206.32910891089,141568.63386138613,539707.8943415837,248.23762376237624,487.9282178217822,1415.8910891089106,978.3282178217821,3021.7888613861387,24302.574653465323,1.6456762376237624,1.9530321782178217,2.57389806930693,71.5049504950495,73.72277227722772,76.5658415841584,34.26767676767677,39.14393939393939,47.99949494949494,22.58080808080808,29.13131313131313,39.09191919191919,28.484848484848484,34.59848484848485,44.832323232323226,22.671717171717173,27.4520202020202,35.59141414141414,31.404040404040405,36.91919191919192,45.60656565656566,19.102040816326532,23.385204081632654,31.554591836734687,21.626262626262626,27.085858585858585,35.656060606060606,33.025510204081634,39.04336734693877,48.18622448979591
PR,31074.152727272725,74375.74266233765,182733.3425844154,20745.13844155844,46538.09814935065,105914.55124675321,15959.992727272727,36257.341266233765,83252.05464285711,16802.588051948052,37850.960097402596,88113.65751298699,55.84415584415584,113.62012987012987,282.20259740259723,455.1948051948052,974.7824675324675,2404.408246753243,1.662816233766234,2.0989493506493506,2.904259025974025,73.51298701298701,75.26948051948052,77.6987012987013,59.82,65.99,71.69066666666667,22.04861111111111,27.680555555555557,36.631944444444436,35.62676056338028,42.86619718309859,53.48732394366196,11.256756756756756,15.371621621621621,21.885810810810806,21.883561643835616,25.955479452054796,34.54657534246575,16.354166666666668,20.336805555555557,26.499999999999993,15.277777777777779,19.947916666666668,27.234027777777772,29.598591549295776,34.75,43.39014084507042
PW,117272.33333333333,120529.5,123135.23333333334,20396.07,21171.518333333333,21791.877,16057.11,16770.586666666666,17341.368,15574.589999999998,16290.131666666666,16862.565,121.0,122.0,122.8,186.33333333333334,193.0,198.33333333333334,2.7528333333333332,2.988183333333333,3.176463333333333,71.66666666666667,72.0,72.26666666666667,42.666666666666664,42.833333333333336,42.96666666666667,41.0,41.333333333333336,41.6,46.0,48.5,50.5,34.5,36.25,37.65,38.5,39.083333333333336,39.550000000000004,25.0,25.0,25.0,33.333333333333336,35.833333333333336,37.833333333333336,50.0,50.333333333333336,50.6
RI,294140.95295454544,644853.3098863637,1228317.8963636362,94102.45835227273,210439.0296590909,406289.8939147727,76479.40596590909,179356.07281249997,341362.2937215909,74929.06005681818,177489.94619318182,336414.33546590904,349.64772727272725,576.2670454545455,1113.740909090909,1871.8005681818183,3631.500568181818,15471.010511363635,1.502340340909091,1.7310857954545456,2.231360056818181,72.38068181818181,74.13352272727273,76.8846590909091,32.49404761904762,37.083333333333336,44.954761904761895,19.077380952380953,25.288690476190474,34.65773809523809,24.43452380952381,30.151785714285715,38.81785714285714,20.105882352941176,24.526470588235295,31.835882352941173,33.31547619047619,38.42559523809524,45.39880952380951,20.122093023255815,24.1453488372093,31.111046511627904,21.928571428571427,26.857142857142858,33.58333333333333,30.875,36.535714285714285,44.541666666666664
SC,400776.0956632653,859699.5992857143,2259995.052811223,136495.89719387755,293002.75946428574,754561.0426989794,106076.42392857143,229735.68767857144,606293.0797908162,112120.03520408162,241445.48732142858,626835.7686683672,345.9795918367347,620.1658163265306,1183.7280612244895,1941.409693877551,7019.823469387755,25045.40729591836,1.4256698979591838,1.700619642857143,2.283558520408163,71.84693877551021,73.64285714285714,75.99285714285715,34.8563829787234,39.86436170212766,47.59308510638298,19.4020618556701,24.451030927835053,33.903608247422675,24.657894736842106,30.510526315789473,39.83,19.833333333333332,24.057291666666668,31.62760416666666,28.901041666666668,33.747395833333336,40.51979166666666,17.270833333333332,20.747395833333332,27.241666666666664,20.521052631578947,24.73421052631579,31.804210526315785,30.38421052631579,35.18421052631579,42.590526315789475
SD,250957.07363636364,506237.9316193182,1308504.6382159088,96264.26460227273,151620.99204545456,415859.4098977272,74367.30079545455,118630.87267045454,331347.68373863626,77086.68198863637,122081.23346590908,336138.1230568181,356.3011363636364,527.4857954545455,930.6846590909089,1160.5482954545455,2115.347443181818,9278.451477272723,1.443325,1.634847159090909,2.021191818181818,71.98295454545455,73.38636363636364,75.54318181818182,32.63953488372093,36.10174418604651,42.020930232558136,19.894117647058824,24.21470588235294,30.59117647058823,25.929411764705883,30.19705882352941,36.601764705882346,20.095238095238095,23.43154761904762,28.88095238095238,28.488372093023255,31.78488372093023,37.181395348837206,17.174418604651162,19.927325581395348,25.741860465116275,21.71511627906977,25.13953488372093,30.375581395348835,29.83139534883721,33.895348837209305,40.28430232558139
TN,357586.22427083337,833652.4520572916,2892352.702812498,114406.07437500001,305910.55018229166,914210.3887656247,89507.06541666666,242747.47973958333,763652.3452916663,94725.98281249999,252115.87950520834,786998.301567708,282.2864583333333,543.4453125,1958.0734374999995,1393.4229166666667,7800.019270833333,28173.671354166654,1.5768963541666665,1.87918203125,2.486858020833333,71.21875,73.26302083333333,75.69166666666666,36.08510638297872,41.03191489361702,48.89414893617022,22.78191489361702,29.78191489361702,39.869148936170205,29.324468085106382,36.026595744680854,46.27765957446808,21.266304347826086,26.52173913043478,34.64402173913044,31.49462365591398,36.723118279569896,44.901075268817195,18.48404255319149,22.58244680851064,30.828723404255314,24.833333333333332,30.739247311827956,39.769892473118276,33.3031914893617,39.066489361702125,47.68617021276595
TX,394469.3614705882,849597.2330637254,2526469.7149607823,114682.49264705883,247787.24036764703,792896.290053921,89606.72284313726,196130.8355882353,645590.9338039211,90888.2124509804,199507.34100490194,652476.887936274,230.01960784313727,409.4387254901961,986.9980392156855,1419.1299019607843,4898.86862745098,19570.990539215672,1.6659382352941177,2.051433333333333,2.826481666666666,72.18627450980392,74.09313725490196,76.38774509803922,37.23762376237624,43.53465346534654,54.564851485148516,23.757575757575758,30.21969696969697,41.89343434343434,29.28,36.19,46.98499999999999,21.444444444444443,26.075757575757574,34.466161616161614,30.575757575757574,36.648989898989896,45.807575757575755,17.914141414141415,21.96212121212121,31.200505050505036,21.59090909090909,27.292929292929294,36.315151515151506,34.28787878787879,40.07575757575758,50.21010101010101
UT,215733.6301530612,459654.44364795915,1973059.241663264,76007.1355612245,158750.9762244898,948396.7233520403,59533.21346938775,126903.38071428573,849338.1989438771,61367.59790816326,130031.57140306123,857858.0994642852,233.10714285714286,420.2015306122449,933.781632653061,973.7775510204082,2895.405612244898,18456.76877551018,1.4734117346938775,1.7077079081632653,2.2779486224489793,71.70408163265306,73.42091836734694,75.87040816326531,32.46666666666667,37.269444444444446,45.833333333333336,18.818681318681318,24.10989010989011,33.01098901098901,27.032608695652176,32.60326086956522,41.881521739130434,18.440860215053764,22.811827956989248,30.272580645161284,34.56315789473684,39.51842105263158,47.338421052631574,14.83695652173913,18.755434782608695,27.570108695652173,13.43010752688172,17.311827956989248,24.388172043010748,24.79787234042553,29.340425531914892,37.52553191489361
VA,419927.8731067961,829502.6079854369,2303696.6717864065,142201.3398543689,280866.886407767,770939.210912621,111481.65961165048,221289.34262135922,612504.1136796115,110221.80189320388,219944.23247572815,608930.542475728,352.06310679611653,655.0582524271845,1568.2524271844654,1625.5558252427184,5590.4422330097095,22569.393834951443,1.4927864077669903,1.7496148058252428,2.330534077669902,72.6747572815534,74.47572815533981,76.78543689320388,35.15196078431372,39.80392156862745,47.65833333333333,21.12135922330097,26.54368932038835,35.86747572815534,26.163366336633665,32.146039603960396,41.33168316831682,21.440594059405942,25.665841584158414,33.61336633663366,27.673267326732674,32.398514851485146,40.255445544554455,19.17676767676768,22.439393939393938,29.571717171717165,20.183168316831683,25.019801980198018,32.16089108910891,29.8,35.26,43.119
VI,245318.0674509804,467638.8442647059,796567.974490196,91971.65333333334,152577.8281372549,229919.74154901959,68832.3412745098,115930.53612745099,174307.3460196078,72786.20549019608,106935.3587254902,165708.18328431368,251.18627450980392,375.6519607843137,527.9588235294117,1818.8,4293.085294117647,5995.87156862745,1.0122352941176471,1.1679642156862746,1.4256226470588234,72.6470588235294,73.45588235294117,74.46176470588236,42.59782608695652,46.02173913043478,50.68260869565218,9.042553191489361,11.670212765957446,16.011702127659575,16.770833333333332,19.598958333333332,24.25,8.25,10.151041666666666,13.979166666666666,9.46808510638298,12.46808510638298,17.401063829787233,15.375,16.979166666666668,19.3875,6.135416666666667,7.895833333333333,11.767708333333331,11.74468085106383,14.851063829787234,20.049999999999997
VT,268041.3983908046,389845.02198275866,801251.5883908044,87862.5038505747,122521.44364942529,310110.4800862068,69086.065,95773.48198275862,247295.879683908,69608.86954022989,96133.50017241378,248036.49491954016,271.98275862068965,405.89942528735634,640.0660919540228,945.4229885057472,1400.858620689655,6715.935689655172,1.2623810344827586,1.4311902298850574,1.7668296551724139,70.34482758620689,72.22701149425288,74.81264367816092,26.482558139534884,29.88953488372093,35.46046511627907,14.813253012048193,18.731927710843372,26.415060240963854,17.821428571428573,21.199404761904763,27.954166666666662,18.246987951807228,21.56024096385542,27.44216867469879,30.273809523809526,34.86904761904762,41.38630952380952,16.162650602409638,19.593373493975903,26.34638554216867,18.64457831325301,22.35542168674699,27.95060240963855,24.69047619047619,28.386904761904763,34.78035714285714
WA,222114.27965686272,521423.58688725485,1514894.0949656859,77963.95848039216,164882.03360294117,497490.3550588234,60640.08078431373,129456.98656862746,403789.3179460784,58877.00828431372,126784.21539215687,397996.7223284313,219.30882352941177,400.80882352941177,1005.1367647058823,788.1892156862746,1842.5529411764705,11132.342843137249,1.4798607843137255,1.7473754901960785,2.424697303921568,71.96078431372548,73.7328431372549,76.30147058823529,28.653465346534652,33.54455445544554,41.61039603960395,19.395,25.0125,34.696,24.245,30.3975,39.0725,20.315,24.575,32.38249999999999,26.83,31.3225,39.434,18.455,22.96,31.547499999999992,16.38118811881188,20.814356435643564,27.995544554455442,25.163366336633665,29.574257425742573,37.66435643564356
WI,331970.91742574255,597699.6137376238,2627886.726054453,58499.70381188119,105718.11571782178,502187.87470297015,45869.413762376236,83482.17497524752,443449.3770841583,47415.73247524753,86471.18688118811,450845.50283663353,211.30693069306932,400.0049504950495,2367.8420792079205,695.609900990099,1674.0638613861388,10837.084356435638,1.5514910891089109,1.8400037128712872,2.4621169801980196,70.55940594059406,72.58415841584159,75.25594059405941,31.18,35.595,43.5025,20.663366336633665,25.935643564356436,35.13069306930693,28.16,34.3925,44.463499999999996,19.5,24.053030303030305,30.95151515151515,30.292929292929294,35.59090909090909,43.55,16.633663366336634,20.056930693069308,27.090594059405937,18.2020202020202,22.904040404040405,30.504545454545454,27.828282828282827,33.32575757575758,41.813131313131315
WV,253595.63302197802,405133.20162087906,999479.0700549447,90822.33280219781,147229.48607142858,370152.64957692294,70805.0128021978,114938.88835164835,293708.22562637355,73747.36291208792,121218.7892032967,308193.85024175816,290.0989010989011,446.1098901098901,1036.0153846153844,1065.0527472527474,2168.9598901098902,7586.8326923076875,1.589834065934066,1.8109722527472527,2.2204249999999996,70.48351648351648,72.4478021978022,74.53186813186812,39.510989010989015,43.50824175824176,49.63571428571428,22.931818181818183,27.977272727272727,36.44147727272727,28.181818181818183,33.08238636363637,40.933522727272724,22.04494382022472,26.269662921348313,32.722471910112354,34.640449438202246,39.609550561797754,47.2820224719101,17.09550561797753,20.185393258426966,26.15505617977528,30.625,35.77556818181818,42.93522727272727,37.10674157303371,42.87921348314607,49.9247191011236
WY,568295.9767721519,1016272.8314556963,2103113.6835189867,149298.10069620254,243230.72819620252,492954.27264556946,115260.90411392404,188312.63474683545,385978.9698607594,115377.47196202532,187383.07471518987,386888.33974683535,321.9620253164557,500.4620253164557,766.1468354430377,4551.220253164557,8280.145569620254,14407.851772151897,1.2563943037974683,1.4082455696202532,1.684449303797468,71.20886075949367,72.55696202531645,74.49050632911393,29.144736842105264,32.4046052631579,38.81710526315789,16.60135135135135,20.14864864864865,27.008108108108107,17.413333333333334,21.49,28.692666666666664,16.92105263157895,19.851973684210527,25.360526315789468,26.72,30.733333333333334,37.05933333333333,15.006666666666666,16.75,19.941333333333333,22.054054054054053,26.66216216216216,32.490540540540536,24.05921052631579,28.49342105263158,35.29078947368421
XX,538553.6485869564,674300.8191304348,808174.5014673912,178708.44576086957,222043.84701086956,266991.46565217385,140032.05260869564,175385.15826086956,209769.35606521738,142522.9518478261,176562.48951086958,210713.38217391304,360.5108695652174,428.0923913043478,505.77391304347816,6502.79347826087,8198.364130434782,9644.655434782608,1.5874576086956522,1.7402086956521738,1.9552716304347826,71.91304347826087,72.81521739130434,73.94565217391305,35.75609756097561,38.75,43.21341463414634,25.614285714285714,29.62857142857143,34.52714285714285,28.342105263157894,31.79605263157895,35.830263157894734,21.81081081081081,24.777027027027028,28.68918918918919,30.833333333333332,33.37179487179487,36.90128205128205,19.371794871794872,20.78846153846154,23.27307692307692,27.723684210526315,30.276315789473685,33.42368421052631,34.89473684210526,38.36184210526316,42.71052631578947
ZZ,123344.6425,199965.03328947368,322381.366118421,41822.13039473684,58478.443881578954,91639.33236842105,32226.709868421054,45406.99539473684,70618.99877631578,32862.000921052626,45999.53460526316,71099.48690789474,162.10526315789474,236.85526315789474,376.5460526315789,437.14473684210526,641.0592105263158,1317.6657894736838,1.8652749999999998,2.107370394736842,2.5610089473684208,71.25,73.14473684210526,74.91578947368421,38.0735294117647,44.470588235294116,49.49411764705882,28.352941176470587,32.86029411764706,37.09264705882352,34.56060606060606,38.166666666666664,43.10757575757576,24.764705882352942,28.75,33.101470588235294,34.17142857142857,38.19285714285714,44.027142857142856,19.032258064516128,21.346774193548388,24.835483870967742,25.166666666666668,29.22222222222222,33.74722222222222,35.529411764705884,40.24264705882353,44.77647058823529
