Provider,total_claims,unique_beneficiaries,total_reimbursement,fraud_score,fraud_predicted,risk_tier
PRV53610,293,258,1655970,0.9359,1,Critical
PRV56460,248,217,1734740,0.9359,1,Critical
PRV55478,160,130,1448160,0.9351,1,Critical
PRV54766,202,184,1688960,0.9349,1,Critical
PRV51982,181,164,1078600,0.9349,1,Critical
PRV54751,1652,709,1789490,0.9348,1,Critical
PRV52618,719,602,3498770,0.9339,1,Critical
PRV51073,143,105,1035020,0.9338,1,Critical
PRV53275,350,295,1516690,0.9322,1,Critical
PRV56573,3250,2552,2882340,0.9318,1,Critical
PRV57214,618,227,825050,0.9317,1,Critical
PRV53866,859,767,6097440,0.9307,1,Critical
PRV52338,1551,689,1890210,0.93,1,Critical
PRV51407,344,318,2922290,0.929,1,Critical
PRV54956,142,128,693130,0.9288,1,Critical
PRV57178,365,316,1149240,0.9269,1,Critical
PRV53105,2979,1169,2895670,0.9248,1,Critical
PRV54948,229,225,1427330,0.9245,1,Critical
PRV57323,174,160,1069780,0.9244,1,Critical
PRV54094,1706,785,622820,0.9231,1,Critical
PRV55825,124,109,796480,0.9221,1,Critical
PRV56024,192,176,1384710,0.9211,1,Critical
PRV53758,183,164,1204480,0.9203,1,Critical
PRV55476,658,356,924610,0.9197,1,Critical
PRV52840,759,394,805950,0.9177,1,Critical
PRV54853,103,95,709580,0.9146,1,Critical
PRV54958,67,61,613240,0.9146,1,Critical
PRV56203,119,108,629410,0.9125,1,Critical
PRV55485,2823,757,758540,0.9122,1,Critical
PRV52080,3036,1047,994530,0.9092,1,Critical
PRV52078,202,187,1082710,0.9065,1,Critical
PRV55845,78,73,557290,0.8997,1,Critical
PRV55190,230,220,823820,0.898,1,Critical
PRV55949,62,53,595040,0.8944,1,Critical
PRV52364,81,75,416920,0.8888,1,Critical
PRV54338,205,164,350560,0.8877,1,Critical
PRV54650,1658,667,572160,0.8847,1,Critical
PRV52479,332,303,604430,0.8841,1,Critical
PRV55545,95,92,652140,0.882,1,Critical
PRV57195,227,197,546370,0.8818,1,Critical
PRV51854,108,99,432330,0.8774,1,Critical
PRV53854,57,53,393910,0.8765,1,Critical
PRV52040,207,195,389380,0.8739,1,Critical
PRV54940,1520,618,433400,0.873,1,Critical
PRV56223,259,192,369660,0.8712,1,Critical
PRV51939,1804,588,487320,0.87,1,Critical
PRV53856,92,79,482110,0.8697,1,Critical
PRV54659,357,200,489090,0.8694,1,Critical
PRV54647,165,144,421900,0.8674,1,Critical
PRV55014,441,137,331990,0.8666,1,Critical
PRV55685,871,383,415890,0.8664,1,Critical
PRV52984,70,66,257750,0.8657,1,Critical
PRV55532,195,97,317380,0.862,1,Critical
PRV51955,200,164,390060,0.8616,1,Critical
PRV55284,74,66,276180,0.8609,1,Critical
PRV57537,148,114,347910,0.8599,1,Critical
PRV52093,165,130,372840,0.8598,1,Critical
PRV55222,736,216,319930,0.858,1,Critical
PRV55204,443,187,445500,0.8573,1,Critical
PRV56776,167,153,511880,0.8572,1,Critical
PRV54980,212,186,435120,0.8569,1,Critical
PRV55718,888,444,412200,0.8545,1,Critical
PRV51985,934,434,333970,0.8541,1,Critical
PRV53789,1291,873,342960,0.8539,1,Critical
PRV56678,1674,1125,461200,0.8521,1,Critical
PRV52134,172,168,497240,0.8503,1,Critical
PRV55529,206,168,463630,0.8488,1,Critical
PRV55389,418,165,384990,0.8473,1,Critical
PRV56781,83,74,339240,0.8459,1,Critical
PRV52137,115,112,382380,0.8439,1,Critical
PRV52368,121,110,273360,0.8432,1,Critical
PRV54811,55,47,508000,0.8412,1,Critical
PRV56564,408,185,294940,0.841,1,Critical
PRV54951,63,60,208160,0.8382,1,Critical
PRV56756,66,62,382650,0.8362,1,Critical
PRV55889,1312,744,412980,0.8358,1,Critical
PRV51069,698,235,298950,0.8315,1,Critical
PRV53948,147,126,266550,0.8313,1,Critical
PRV52569,56,48,233460,0.8286,1,Critical
PRV52994,98,86,416830,0.8274,1,Critical
PRV52632,1461,1036,456430,0.827,1,Critical
PRV53366,44,34,541500,0.8267,1,Critical
PRV53263,88,75,276420,0.8254,1,Critical
PRV53006,55,50,286150,0.8249,1,Critical
PRV54984,46,45,243250,0.8239,1,Critical
PRV54746,95,94,373750,0.8234,1,Critical
PRV55967,24,22,212320,0.8231,1,Critical
PRV53753,53,52,247460,0.8228,1,Critical
PRV54729,73,72,311140,0.8209,1,Critical
PRV54816,26,24,228000,0.8193,1,Critical
PRV54974,120,104,214420,0.8115,1,Critical
PRV54397,65,60,185250,0.8105,1,Critical
PRV53804,70,70,372390,0.8083,1,Critical
PRV57300,555,145,231960,0.8071,1,Critical
PRV56666,160,146,291530,0.8051,1,Critical
PRV52655,46,46,184480,0.8019,1,Critical
PRV51162,58,57,220260,0.801,1,Critical
PRV57028,25,23,244000,0.8009,1,Critical
PRV51384,76,75,358600,0.8,1,Critical
PRV52819,268,113,170950,0.7991,1,Critical
PRV56612,1206,836,373190,0.7983,1,Critical
PRV51594,75,75,205080,0.7955,1,Critical
PRV55394,345,121,423520,0.7946,1,Critical
PRV57123,123,109,267420,0.793,1,Critical
PRV56876,158,74,228390,0.792,1,Critical
PRV57337,916,671,425340,0.7892,1,Critical
PRV56623,72,64,232750,0.7888,1,Critical
PRV53112,40,35,314630,0.7828,1,Critical
PRV56429,103,88,238250,0.7811,1,Critical
PRV56787,162,139,283240,0.7803,1,Critical
PRV52995,13,12,159660,0.78,1,Critical
PRV55393,120,91,191440,0.7798,1,Critical
PRV52116,185,179,270650,0.7771,1,Critical
PRV52125,511,477,404000,0.7769,1,Critical
PRV51485,57,55,226760,0.7764,1,Critical
PRV52603,101,53,267700,0.7717,1,Critical
PRV57503,73,65,311570,0.7698,1,Critical
PRV52005,75,74,245140,0.7696,1,Critical
PRV52360,95,87,189530,0.7669,1,Critical
PRV55466,138,122,179350,0.7651,1,Critical
PRV56240,280,248,337510,0.7616,1,Critical
PRV56899,27,23,172300,0.7613,1,Critical
PRV55841,118,96,245890,0.7589,1,Critical
PRV52035,218,167,317260,0.7575,1,Critical
PRV54003,24,21,294000,0.7554,1,Critical
PRV56409,167,105,218450,0.7537,1,Critical
PRV53493,27,19,196330,0.7535,1,Critical
PRV54989,66,64,426550,0.7526,1,Critical
PRV55890,27,26,205060,0.7521,1,Critical
PRV53711,63,57,366440,0.7499,1,Critical
PRV56244,176,133,273380,0.7489,1,Critical
PRV55994,751,304,229440,0.7477,1,Critical
PRV51782,21,19,176000,0.742,1,Critical
PRV55838,71,68,242940,0.7391,1,Critical
PRV56343,40,39,379300,0.7381,1,Critical
PRV56226,316,162,191310,0.7365,1,Critical
PRV53869,171,144,392790,0.7346,1,Critical
PRV52033,49,48,179290,0.7343,1,Critical
PRV52096,98,92,205120,0.7338,1,Critical
PRV56727,175,152,305190,0.7325,1,Critical
PRV56814,216,168,167000,0.7314,1,Critical
PRV52375,24,21,178670,0.731,1,Critical
PRV56565,915,444,295140,0.731,1,Critical
PRV51163,166,163,273010,0.729,1,Critical
PRV57079,6,6,105000,0.7284,1,Critical
PRV56913,37,36,246860,0.7282,1,Critical
PRV55484,1231,622,349890,0.7276,1,Critical
PRV54079,31,31,196130,0.7268,1,Critical
PRV52117,45,44,269580,0.7235,1,Critical
PRV51839,85,81,269480,0.7233,1,Critical
PRV53468,68,63,171450,0.7157,1,Critical
PRV54394,75,54,163310,0.7102,1,Critical
PRV56532,18,15,206000,0.7042,1,Critical
PRV52811,26,24,220000,0.7032,1,Critical
PRV55973,379,223,187990,0.7025,1,Critical
PRV55651,29,28,203360,0.7001,1,Critical
PRV55025,113,88,210000,0.6991,1,High
PRV55694,81,74,160190,0.6975,1,High
PRV57480,29,23,322000,0.6967,1,High
PRV55223,147,129,216650,0.6965,1,High
PRV51039,225,195,277100,0.6941,1,High
PRV55746,324,228,185620,0.6915,1,High
PRV54731,105,102,262500,0.6866,1,High
PRV53929,62,61,187900,0.6866,1,High
PRV54516,206,179,249360,0.6837,1,High
PRV56431,231,104,274270,0.68,1,High
PRV54825,14,13,175020,0.678,1,High
PRV56399,232,109,107720,0.6756,1,High
PRV53508,22,22,213400,0.6715,1,High
PRV51545,96,91,187440,0.6702,1,High
PRV52585,36,27,121550,0.6625,1,High
PRV54920,378,348,282330,0.6617,1,High
PRV52601,449,173,157670,0.6611,1,High
PRV55544,37,37,117300,0.658,1,High
PRV52388,83,29,155960,0.6579,1,High
PRV51953,61,59,169890,0.6577,1,High
PRV52091,98,97,171770,0.6566,1,High
PRV53420,236,110,137210,0.6553,1,High
PRV54721,12,11,121500,0.646,1,High
PRV55251,224,187,242530,0.6443,1,High
PRV52546,35,30,132560,0.6377,1,High
PRV56558,1148,609,314360,0.6326,1,High
PRV54722,1169,633,358670,0.6321,1,High
PRV57226,612,241,158270,0.6276,1,High
PRV54762,933,312,234030,0.6269,1,High
PRV54264,62,55,102880,0.6267,1,High
PRV52070,31,31,176190,0.6243,1,High
PRV54957,556,223,178190,0.6235,1,High
PRV52885,30,28,105790,0.6234,1,High
PRV55961,24,19,242240,0.6221,1,High
PRV57022,21,21,224000,0.6132,1,High
PRV55888,14,11,126000,0.6096,1,High
PRV52969,8,7,104000,0.6008,1,High
PRV53748,120,119,225670,0.6005,1,High
PRV52329,219,100,113150,0.5994,1,High
PRV51270,57,51,121330,0.5993,1,High
PRV51648,29,29,111170,0.5939,1,High
PRV51343,109,106,167700,0.593,1,High
PRV52083,613,452,170170,0.5891,1,High
PRV57050,34,30,120760,0.587,1,High
PRV53404,608,180,146410,0.5857,1,High
PRV54069,96,79,166350,0.5846,1,High
PRV56714,43,42,171700,0.5807,1,High
PRV52067,21,20,133550,0.5773,1,High
PRV56204,833,333,190880,0.5766,1,High
PRV52594,657,252,153690,0.5761,1,High
PRV51591,224,212,190510,0.5756,1,High
PRV57511,71,69,191360,0.5743,1,High
PRV52852,62,51,85570,0.5668,1,High
PRV52867,43,25,106050,0.5651,1,High
PRV51825,19,19,165000,0.5618,1,High
PRV51452,8,8,173250,0.5602,1,High
PRV54964,172,168,228790,0.5575,1,High
PRV55174,329,262,170400,0.557,1,High
PRV54512,142,117,173130,0.552,1,High
PRV54749,753,453,314210,0.5507,1,High
PRV52960,75,61,123610,0.5485,1,High
PRV52442,14,11,287000,0.5459,1,High
PRV54702,60,56,96730,0.541,1,High
PRV52006,14,14,124850,0.5402,1,High
PRV51161,563,213,144070,0.5372,1,High
PRV53863,11,11,168000,0.535,1,High
PRV53955,111,106,173230,0.5343,1,High
PRV56650,32,28,129070,0.5276,1,High
PRV52834,30,29,134680,0.5172,1,High
PRV55199,546,287,203680,0.513,1,High
PRV52712,155,73,125330,0.5116,1,High
PRV55153,21,21,136000,0.5113,1,High
PRV56499,40,25,71790,0.5109,1,High
PRV55253,300,198,209620,0.51,1,High
PRV51022,124,103,141580,0.5083,1,High
PRV54214,40,31,97270,0.5052,1,High
PRV51677,287,102,94300,0.5027,1,High
PRV52447,12,12,103000,0.5022,1,High
PRV54398,74,67,136850,0.5016,1,High
PRV55669,14,13,122700,0.5009,1,High
PRV51079,25,24,104380,0.4999,1,Medium
PRV56402,92,36,128760,0.4917,1,Medium
PRV56230,29,29,92950,0.4916,1,Medium
PRV53962,47,43,94070,0.4903,1,Medium
PRV52908,86,30,92170,0.482,1,Medium
PRV51080,87,74,117590,0.4778,1,Medium
PRV52805,5,5,94000,0.4761,1,Medium
PRV52110,30,29,109170,0.4753,1,Medium
PRV55021,165,118,154270,0.4704,1,Medium
PRV53023,81,27,128130,0.47,1,Medium
PRV55186,106,93,140440,0.4693,1,Medium
PRV55975,58,22,91850,0.4686,1,Medium
PRV53011,16,14,52740,0.4677,1,Medium
PRV56636,35,30,87870,0.4654,1,Medium
PRV53954,631,361,173220,0.4634,1,Medium
PRV53271,74,69,122670,0.4632,1,Medium
PRV56462,133,110,142620,0.4599,1,Medium
PRV54770,85,85,100970,0.4586,1,Medium
PRV51372,35,33,147970,0.4578,1,Medium
PRV55962,872,450,259060,0.4544,1,Medium
PRV57608,156,85,142840,0.4541,1,Medium
PRV54211,436,186,111100,0.4525,1,Medium
PRV52164,81,77,120240,0.4514,1,Medium
PRV51473,33,32,91220,0.4467,1,Medium
PRV54556,16,11,158000,0.4341,1,Medium
PRV54740,132,112,133520,0.4334,1,Medium
PRV51512,89,87,135010,0.4334,1,Medium
PRV51420,15,15,98540,0.4331,1,Medium
PRV57070,12,12,195000,0.431,1,Medium
PRV57220,35,28,71960,0.43,1,Medium
PRV57201,880,490,233300,0.4294,1,Medium
PRV51374,40,39,72350,0.4292,1,Medium
PRV56841,73,44,86360,0.4276,1,Medium
PRV52036,614,527,195590,0.4244,1,Medium
PRV55713,78,25,54220,0.4235,1,Medium
PRV55170,88,74,135880,0.4229,1,Medium
PRV57498,94,82,97210,0.4228,1,Medium
PRV51373,59,59,129300,0.4222,1,Medium
PRV56450,23,20,71430,0.4209,1,Medium
PRV54495,3,2,55000,0.4207,1,Medium
PRV52050,781,735,246860,0.4205,1,Medium
PRV57035,113,101,175530,0.4169,1,Medium
PRV53592,7,7,93800,0.4162,1,Medium
PRV55162,13,13,102000,0.4156,1,Medium
PRV51333,12,11,82000,0.4153,1,Medium
PRV55954,717,391,187810,0.4105,1,Medium
PRV51188,149,144,123870,0.408,1,Medium
PRV52287,11,11,115000,0.4073,1,Medium
PRV51317,8,8,106000,0.4063,1,Medium
PRV57229,205,78,79970,0.4042,1,Medium
PRV56629,67,65,132300,0.4023,1,Medium
PRV56503,124,37,55730,0.4019,1,Medium
PRV51051,362,167,133870,0.3998,0,Medium
PRV53691,749,416,201080,0.399,0,Medium
PRV51172,299,265,108530,0.3983,0,Medium
PRV53707,156,145,118390,0.3972,0,Medium
PRV51945,716,469,177870,0.3947,0,Medium
PRV56709,116,55,92870,0.3877,0,Medium
PRV53870,906,617,288580,0.3839,0,Medium
PRV56009,606,263,154930,0.3819,0,Medium
PRV57032,9,9,88700,0.3813,0,Medium
PRV52983,459,174,105120,0.3797,0,Medium
PRV54706,411,196,117730,0.3784,0,Medium
PRV54843,15,12,84420,0.3742,0,Medium
PRV54346,34,33,100370,0.3732,0,Medium
PRV57026,42,40,142220,0.3728,0,Medium
PRV55988,19,19,114790,0.3714,0,Medium
PRV55440,42,35,80770,0.3666,0,Medium
PRV57090,7,6,62000,0.365,0,Medium
PRV55502,339,173,148720,0.3644,0,Medium
PRV56561,21,19,89060,0.364,0,Medium
PRV54732,149,134,120000,0.3605,0,Medium
PRV52637,24,24,79630,0.3585,0,Medium
PRV52915,31,27,51800,0.3577,0,Medium
PRV57494,536,380,227110,0.3575,0,Medium
PRV52992,23,18,36160,0.352,0,Medium
PRV53155,83,30,48770,0.3508,0,Medium
PRV54754,766,553,217010,0.3485,0,Medium
PRV56424,26,24,81340,0.3469,0,Medium
PRV55015,60,58,58180,0.3452,0,Medium
PRV51589,6,6,56820,0.3423,0,Medium
PRV53637,15,15,66000,0.3418,0,Medium
PRV57428,501,236,144810,0.3411,0,Medium
PRV57111,27,26,94280,0.3399,0,Medium
PRV51254,28,24,66150,0.3375,0,Medium
PRV52477,89,86,110640,0.334,0,Medium
PRV52043,126,120,104590,0.334,0,Medium
PRV54769,41,41,81180,0.3335,0,Medium
PRV55046,74,74,91330,0.3333,0,Medium
PRV51817,6,6,77000,0.3282,0,Medium
PRV54097,16,15,86010,0.3279,0,Medium
PRV51177,114,106,112170,0.3244,0,Medium
PRV52550,32,31,70220,0.3231,0,Medium
PRV56035,34,25,39730,0.3207,0,Medium
PRV52015,20,19,70970,0.3183,0,Medium
PRV56205,279,172,150140,0.3171,0,Medium
PRV54698,15,13,47290,0.3171,0,Medium
PRV54105,809,443,194700,0.3164,0,Medium
PRV54815,15,15,121000,0.312,0,Medium
PRV56132,5,5,52000,0.3108,0,Medium
PRV53368,338,110,89420,0.304,0,Medium
PRV51684,54,30,52400,0.3001,0,Medium
PRV55159,3,3,73000,0.2952,0,Low
PRV56443,17,14,56200,0.2942,0,Low
PRV55829,8,8,155090,0.2935,0,Low
PRV52595,285,109,80790,0.2925,0,Low
PRV53881,18,17,67350,0.2886,0,Low
PRV57666,9,8,69000,0.288,0,Low
PRV56631,55,38,49600,0.2866,0,Low
PRV55119,4,4,70000,0.2824,0,Low
PRV54962,110,99,93720,0.2799,0,Low
PRV54331,38,35,89830,0.2795,0,Low
PRV55125,6,6,60050,0.2785,0,Low
PRV57083,7,7,64000,0.2779,0,Low
PRV57180,16,15,137210,0.2771,0,Low
PRV54961,67,58,37840,0.2765,0,Low
PRV52108,143,141,130420,0.275,0,Low
PRV51268,59,32,38300,0.2738,0,Low
PRV54474,105,48,16140,0.2731,0,Low
PRV53286,85,41,69690,0.2725,0,Low
PRV54494,9,9,106200,0.2718,0,Low
PRV51463,59,58,74030,0.2702,0,Low
PRV55142,8,8,67000,0.2658,0,Low
PRV53418,45,37,68750,0.2642,0,Low
PRV55708,41,22,52660,0.2625,0,Low
PRV54700,304,142,84250,0.2582,0,Low
PRV54750,38,38,83580,0.2566,0,Low
PRV51980,3,3,54000,0.2564,0,Low
PRV55730,48,47,51050,0.2547,0,Low
PRV56459,80,68,56630,0.252,0,Low
PRV51850,32,29,63120,0.2505,0,Low
PRV53406,419,143,139020,0.2482,0,Low
PRV51561,48,47,105680,0.2475,0,Low
PRV56128,9,9,74000,0.2451,0,Low
PRV51866,43,41,77500,0.2432,0,Low
PRV57644,66,49,36270,0.2421,0,Low
PRV51010,38,25,64580,0.2418,0,Low
PRV53987,60,57,51840,0.2393,0,Low
PRV57222,51,43,58990,0.2393,0,Low
PRV57296,16,15,87000,0.2382,0,Low
PRV54152,25,19,27320,0.2378,0,Low
PRV55391,92,73,125940,0.2367,0,Low
PRV55380,13,13,77000,0.2363,0,Low
PRV52465,5,5,78000,0.2361,0,Low
PRV54648,18,16,40700,0.236,0,Low
PRV53518,5,3,45000,0.2353,0,Low
PRV55212,433,325,136920,0.2312,0,Low
PRV51520,44,43,65920,0.2281,0,Low
PRV51088,306,244,124880,0.2278,0,Low
PRV52475,25,25,90220,0.2226,0,Low
PRV56042,190,51,43400,0.2213,0,Low
PRV52900,91,65,71080,0.2203,0,Low
PRV56542,6,6,55000,0.2202,0,Low
PRV52018,438,346,133520,0.2195,0,Low
PRV55127,6,6,59000,0.2193,0,Low
PRV57095,11,11,77000,0.2188,0,Low
PRV53410,225,109,85940,0.2127,0,Low
PRV54775,67,66,77040,0.2104,0,Low
PRV52327,285,108,55000,0.2103,0,Low
PRV55245,34,32,50640,0.2102,0,Low
PRV51050,344,230,91240,0.2097,0,Low
PRV51332,12,12,83500,0.2094,0,Low
PRV55932,32,31,91360,0.2079,0,Low
PRV52883,63,27,35220,0.2057,0,Low
PRV51581,328,251,85670,0.2049,0,Low
PRV55221,57,50,51950,0.2043,0,Low
PRV52023,58,32,32650,0.2023,0,Low
PRV53514,5,5,122000,0.2014,0,Low
PRV54366,41,39,67900,0.2009,0,Low
PRV54788,29,29,78390,0.199,0,Low
PRV51365,7,7,53100,0.1987,0,Low
PRV56652,22,21,50230,0.1979,0,Low
PRV53636,88,40,39600,0.1976,0,Low
PRV55457,65,47,85510,0.1973,0,Low
PRV51663,103,92,64100,0.1973,0,Low
PRV51524,54,53,85980,0.1971,0,Low
PRV54369,50,36,30340,0.1909,0,Low
PRV53299,45,35,43390,0.1888,0,Low
PRV53097,277,229,105800,0.1888,0,Low
PRV57698,6,6,37870,0.1877,0,Low
PRV53693,56,53,75140,0.1877,0,Low
PRV52718,114,60,62450,0.1858,0,Low
PRV51883,27,17,36690,0.1847,0,Low
PRV54035,42,39,67220,0.1841,0,Low
PRV53953,374,312,103340,0.183,0,Low
PRV52600,224,114,62280,0.1826,0,Low
PRV51834,1,1,13000,0.1813,0,Low
PRV57292,7,7,52000,0.1812,0,Low
PRV57587,206,102,60900,0.1808,0,Low
PRV53030,15,11,54990,0.1804,0,Low
PRV56609,25,25,89530,0.1801,0,Low
PRV55827,344,210,103550,0.1795,0,Low
PRV54719,7,7,62000,0.1794,0,Low
PRV51099,2,2,37000,0.1787,0,Low
PRV55241,74,67,84860,0.1771,0,Low
PRV57566,113,96,73400,0.1763,0,Low
PRV56465,185,69,48380,0.176,0,Low
PRV54351,183,98,60730,0.1754,0,Low
PRV53241,182,103,63330,0.1752,0,Low
PRV51680,33,30,47030,0.1721,0,Low
PRV53897,210,168,79710,0.1716,0,Low
PRV53903,203,126,65070,0.17,0,Low
PRV51457,57,57,43130,0.1694,0,Low
PRV56872,6,5,40680,0.1691,0,Low
PRV51158,200,185,76630,0.169,0,Low
PRV51633,20,20,64890,0.1688,0,Low
PRV51381,92,91,74780,0.1667,0,Low
PRV56911,18,18,65510,0.164,0,Low
PRV51543,73,72,59330,0.1635,0,Low
PRV55017,165,161,90490,0.162,0,Low
PRV53809,298,195,70880,0.1614,0,Low
PRV51124,1,1,35000,0.1607,0,Low
PRV51814,1,1,57000,0.16,0,Low
PRV53273,69,44,74740,0.1588,0,Low
PRV54279,96,38,31290,0.1578,0,Low
PRV52817,5,5,43000,0.1562,0,Low
PRV51009,39,30,27230,0.1554,0,Low
PRV54236,139,48,34970,0.1551,0,Low
PRV55542,260,148,87650,0.1519,0,Low
PRV57164,85,77,79470,0.1518,0,Low
PRV56617,218,145,50120,0.1514,0,Low
PRV56736,38,35,34900,0.1503,0,Low
PRV56127,3,3,34900,0.149,0,Low
PRV56815,109,99,42150,0.1479,0,Low
PRV51283,193,144,45550,0.1473,0,Low
PRV53322,130,76,41220,0.1469,0,Low
PRV52625,33,32,56990,0.1454,0,Low
PRV56493,14,14,27450,0.1454,0,Low
PRV51597,38,38,45400,0.1449,0,Low
PRV55992,204,123,61610,0.1448,0,Low
PRV51565,21,21,43880,0.1448,0,Low
PRV54897,77,74,46840,0.1439,0,Low
PRV55020,45,44,30910,0.1437,0,Low
PRV53639,97,95,46640,0.1426,0,Low
PRV54088,4,4,31200,0.1426,0,Low
PRV52324,72,66,66510,0.1422,0,Low
PRV57538,242,232,62680,0.142,0,Low
PRV55681,79,39,47550,0.141,0,Low
PRV52613,231,141,62210,0.141,0,Low
PRV52624,247,229,61860,0.1408,0,Low
PRV51804,2,2,13000,0.1407,0,Low
PRV55559,73,54,32730,0.1405,0,Low
PRV54733,185,150,56640,0.1404,0,Low
PRV52597,187,76,60360,0.1394,0,Low
PRV56599,31,27,43570,0.1392,0,Low
PRV52053,74,74,73150,0.1391,0,Low
PRV53422,176,141,67950,0.138,0,Low
PRV51020,45,38,24110,0.1376,0,Low
PRV51018,190,146,61620,0.137,0,Low
PRV55840,191,136,59900,0.1368,0,Low
PRV57579,17,17,39960,0.1356,0,Low
PRV54385,29,24,29640,0.1345,0,Low
PRV57221,31,27,10340,0.1344,0,Low
PRV55009,201,129,42870,0.1343,0,Low
PRV51417,5,5,22420,0.1334,0,Low
PRV56155,98,93,61800,0.1327,0,Low
PRV56962,52,51,35110,0.1315,0,Low
PRV54067,19,19,38800,0.1314,0,Low
PRV51002,205,169,53790,0.1307,0,Low
PRV52856,283,213,87220,0.1301,0,Low
PRV52376,36,23,22880,0.1301,0,Low
PRV51575,29,28,53590,0.1297,0,Low
PRV55321,189,85,57640,0.1296,0,Low
PRV56178,22,15,11850,0.1266,0,Low
PRV57591,289,223,76150,0.126,0,Low
PRV53338,89,75,33840,0.1254,0,Low
PRV53287,183,147,61690,0.1253,0,Low
PRV54218,183,107,45390,0.1251,0,Low
PRV56620,22,22,31100,0.1243,0,Low
PRV51881,221,181,54840,0.1232,0,Low
PRV53093,2,2,12000,0.1217,0,Low
PRV51538,231,199,75560,0.1206,0,Low
PRV52086,11,11,33050,0.1204,0,Low
PRV56827,167,133,57370,0.1198,0,Low
PRV51450,57,57,50290,0.1186,0,Low
PRV51411,145,136,39450,0.118,0,Low
PRV56254,280,141,84420,0.1179,0,Low
PRV54880,164,153,45750,0.1167,0,Low
PRV55055,115,95,46840,0.1154,0,Low
PRV55228,84,75,35360,0.1149,0,Low
PRV57458,25,21,7100,0.1143,0,Low
PRV52874,238,143,69350,0.1142,0,Low
PRV53324,123,51,27140,0.1141,0,Low
PRV56383,1,1,300,0.1138,0,Low
PRV56144,28,12,21750,0.1135,0,Low
PRV52997,94,80,32870,0.1132,0,Low
PRV52172,16,16,35720,0.1132,0,Low
PRV51085,49,42,42770,0.113,0,Low
PRV52379,112,66,35750,0.1125,0,Low
PRV57418,91,70,29380,0.1116,0,Low
PRV54047,53,26,17800,0.1104,0,Low
PRV54137,20,14,3400,0.11,0,Low
PRV53777,40,40,28350,0.11,0,Low
PRV52000,19,17,11120,0.11,0,Low
PRV51127,28,23,12120,0.1099,0,Low
PRV53810,205,200,52500,0.1095,0,Low
PRV52866,211,201,55700,0.1078,0,Low
PRV52424,100,47,20020,0.1078,0,Low
PRV51291,34,25,20500,0.107,0,Low
PRV52854,58,28,12910,0.1068,0,Low
PRV53886,147,142,40600,0.1063,0,Low
PRV56434,26,18,25960,0.1058,0,Low
PRV55844,174,57,24190,0.105,0,Low
PRV51195,24,24,28910,0.1046,0,Low
PRV57661,32,10,6930,0.104,0,Low
PRV52183,134,53,31120,0.1037,0,Low
PRV55060,73,33,26850,0.1037,0,Low
PRV55033,25,24,5470,0.1036,0,Low
PRV54782,34,34,9420,0.1035,0,Low
PRV53464,104,61,25140,0.1025,0,Low
PRV57708,1,1,100,0.1025,0,Low
PRV56569,35,35,4610,0.1022,0,Low
PRV52612,30,30,18060,0.1021,0,Low
PRV54913,27,27,14500,0.1013,0,Low
PRV52270,107,42,31810,0.101,0,Low
PRV55047,152,146,32440,0.1006,0,Low
PRV57442,9,9,34430,0.1004,0,Low
PRV54665,9,3,9890,0.1004,0,Low
PRV52277,111,87,21270,0.0995,0,Low
PRV56959,137,72,28630,0.0991,0,Low
PRV56968,22,22,7980,0.0987,0,Low
PRV52132,65,55,30070,0.0982,0,Low
PRV56457,38,33,14850,0.0979,0,Low
PRV54663,131,92,36640,0.0978,0,Low
PRV53936,50,49,16170,0.0975,0,Low
PRV54804,6,5,1090,0.0974,0,Low
PRV57106,53,37,22960,0.0967,0,Low
PRV52103,66,63,34590,0.0965,0,Low
PRV56000,85,58,17600,0.096,0,Low
PRV56195,23,17,11330,0.0959,0,Low
PRV56167,7,6,860,0.0958,0,Low
PRV53333,101,44,20850,0.0955,0,Low
PRV52158,75,75,31760,0.0949,0,Low
PRV55757,85,76,28320,0.0948,0,Low
PRV56795,130,114,32850,0.0941,0,Low
PRV52438,17,11,14780,0.0938,0,Low
PRV57656,25,19,7970,0.0935,0,Low
PRV53060,25,17,14940,0.0933,0,Low
PRV53327,85,46,20730,0.0932,0,Low
PRV54234,85,66,33040,0.0926,0,Low
PRV53118,51,50,30150,0.0926,0,Low
PRV57064,15,10,7270,0.0922,0,Low
PRV52516,1,1,30,0.092,0,Low
PRV54249,25,23,30240,0.0918,0,Low
PRV54987,49,49,26550,0.0917,0,Low
PRV57606,29,25,25480,0.0911,0,Low
PRV56074,1,1,900,0.0909,0,Low
PRV53528,32,28,12700,0.0906,0,Low
PRV56825,30,17,7450,0.0902,0,Low
PRV51893,16,11,13680,0.09,0,Low
PRV54405,163,68,33340,0.0897,0,Low
PRV57582,157,79,30580,0.0897,0,Low
PRV54314,53,24,14320,0.0894,0,Low
PRV55139,5,5,27000,0.0893,0,Low
PRV54922,23,23,10160,0.089,0,Low
PRV56150,102,68,33270,0.0884,0,Low
PRV55693,23,8,2830,0.0883,0,Low
PRV53813,1,1,20,0.0878,0,Low
PRV56420,145,126,36960,0.0876,0,Low
PRV57664,27,13,12130,0.0875,0,Low
PRV57478,55,35,21190,0.0874,0,Low
PRV55008,33,33,17170,0.0871,0,Low
PRV52675,75,36,8630,0.087,0,Low
PRV53546,78,67,31250,0.0867,0,Low
PRV55367,130,49,29070,0.0862,0,Low
PRV53811,77,74,26530,0.0862,0,Low
PRV51133,9,9,19270,0.0861,0,Low
PRV54850,71,45,14970,0.086,0,Low
PRV52333,114,79,32900,0.0859,0,Low
PRV56799,112,88,31210,0.0858,0,Low
PRV54322,5,4,430,0.0856,0,Low
PRV51278,29,24,12630,0.0854,0,Low
PRV56817,9,8,7030,0.0851,0,Low
PRV57607,129,59,31220,0.0851,0,Low
PRV53575,3,2,240,0.0847,0,Low
PRV52974,5,5,37000,0.0845,0,Low
PRV56520,55,50,20170,0.0841,0,Low
PRV57383,64,33,21220,0.084,0,Low
PRV56320,68,47,12600,0.084,0,Low
PRV53041,1,1,1800,0.084,0,Low
PRV54996,30,30,13910,0.0837,0,Low
PRV56859,85,50,30350,0.0836,0,Low
PRV54826,12,8,8510,0.0834,0,Low
PRV54928,118,105,28360,0.0831,0,Low
PRV54395,141,52,32720,0.0831,0,Low
PRV56386,19,6,10890,0.083,0,Low
PRV55217,107,92,28610,0.083,0,Low
PRV55738,136,117,32980,0.083,0,Low
PRV57648,3,2,180,0.0828,0,Low
PRV53051,50,23,10710,0.0826,0,Low
PRV55084,111,72,32760,0.0822,0,Low
PRV55853,104,62,31510,0.0822,0,Low
PRV55303,4,4,800,0.0818,0,Low
PRV51717,1,1,10,0.0818,0,Low
PRV51853,120,102,28860,0.0817,0,Low
PRV54513,57,33,12200,0.0816,0,Low
PRV57493,47,40,22270,0.0815,0,Low
PRV56849,25,14,7590,0.0807,0,Low
PRV56446,48,27,5600,0.0807,0,Low
PRV54583,17,15,12760,0.0806,0,Low
PRV51986,30,27,5520,0.0804,0,Low
PRV56875,49,24,10590,0.0803,0,Low
PRV57279,144,90,35990,0.0803,0,Low
PRV52975,4,4,29000,0.0803,0,Low
PRV53345,66,37,14930,0.0799,0,Low
PRV56757,14,14,11140,0.0798,0,Low
PRV54445,20,20,2430,0.0797,0,Low
PRV56246,73,67,15090,0.0796,0,Low
PRV56175,29,26,12690,0.0796,0,Low
PRV54229,64,25,20400,0.0796,0,Low
PRV54858,45,21,9380,0.0792,0,Low
PRV56874,7,5,1010,0.0792,0,Low
PRV52809,2,2,10000,0.0792,0,Low
PRV52730,11,7,5370,0.079,0,Low
PRV55824,121,74,48380,0.0789,0,Low
PRV57135,5,5,3760,0.0788,0,Low
PRV53541,65,35,21630,0.0788,0,Low
PRV54594,26,11,19460,0.0787,0,Low
PRV57071,5,5,38000,0.0785,0,Low
PRV51339,17,17,24540,0.0784,0,Low
PRV53053,14,7,6830,0.078,0,Low
PRV53367,3,3,35000,0.078,0,Low
PRV56422,29,28,4570,0.0777,0,Low
PRV56382,32,5,9630,0.0776,0,Low
PRV55290,38,35,17810,0.0776,0,Low
PRV53976,64,24,25540,0.0773,0,Low
PRV52987,6,6,40480,0.0773,0,Low
PRV54268,16,12,11990,0.0772,0,Low
PRV57360,48,46,24030,0.0772,0,Low
PRV56180,4,3,220,0.077,0,Low
PRV57649,24,12,7900,0.0769,0,Low
PRV57513,112,83,35150,0.0767,0,Low
PRV55605,1,1,5000,0.0767,0,Low
PRV51199,12,12,5660,0.0767,0,Low
PRV53984,46,21,24460,0.0766,0,Low
PRV51006,102,81,30720,0.0765,0,Low
PRV56513,31,19,5760,0.0763,0,Low
PRV55334,11,10,5560,0.0763,0,Low
PRV53580,1,1,80,0.0761,0,Low
PRV51997,20,20,4220,0.0761,0,Low
PRV53094,2,2,19000,0.076,0,Low
PRV51777,114,74,29660,0.0759,0,Low
PRV52269,2,2,20000,0.0758,0,Low
PRV56844,38,24,7040,0.0757,0,Low
PRV56492,13,12,11290,0.0756,0,Low
PRV57001,3,3,320,0.0756,0,Low
PRV53165,11,5,2080,0.0754,0,Low
PRV57466,22,14,6810,0.0754,0,Low
PRV56975,8,6,1110,0.0754,0,Low
PRV57254,143,58,38130,0.0752,0,Low
PRV54485,30,15,10910,0.0751,0,Low
PRV56112,119,83,26490,0.075,0,Low
PRV53311,69,32,20570,0.075,0,Low
PRV54525,43,9,8770,0.0749,0,Low
PRV54613,1,1,80,0.0748,0,Low
PRV57045,53,22,9380,0.0747,0,Low
PRV54617,1,1,10,0.0745,0,Low
PRV51498,74,64,23560,0.0745,0,Low
PRV53250,86,69,18260,0.0745,0,Low
PRV51257,18,14,3130,0.0744,0,Low
PRV53200,7,6,1150,0.0741,0,Low
PRV56250,57,55,14760,0.074,0,Low
PRV53466,9,8,790,0.0739,0,Low
PRV57508,94,70,19340,0.0739,0,Low
PRV55526,25,21,11990,0.0738,0,Low
PRV56898,1,1,15000,0.0738,0,Low
PRV51728,3,3,460,0.0737,0,Low
PRV53270,27,26,3870,0.0737,0,Low
PRV52707,53,26,15600,0.0737,0,Low
PRV55328,84,75,18880,0.0736,0,Low
PRV54518,27,24,12870,0.0735,0,Low
PRV56883,14,2,6880,0.0735,0,Low
PRV52776,1,1,10,0.0734,0,Low
PRV54126,10,5,7600,0.0734,0,Low
PRV57065,41,25,10600,0.0733,0,Low
PRV52759,27,27,11580,0.0733,0,Low
PRV55420,14,5,2000,0.0733,0,Low
PRV51320,3,2,430,0.0732,0,Low
PRV51808,6,6,32000,0.0731,0,Low
PRV55346,20,17,9020,0.0731,0,Low
PRV55857,41,21,21180,0.0731,0,Low
PRV53395,28,25,6270,0.0729,0,Low
PRV52498,76,69,21880,0.0727,0,Low
PRV52538,42,28,12850,0.0727,0,Low
PRV52106,86,73,37580,0.0727,0,Low
PRV54534,30,12,5830,0.0726,0,Low
PRV51359,30,30,19930,0.0726,0,Low
PRV51034,48,34,7670,0.0726,0,Low
PRV51321,48,20,8240,0.0725,0,Low
PRV51760,18,13,2550,0.0723,0,Low
PRV52909,65,28,19640,0.0723,0,Low
PRV57027,61,46,25890,0.0722,0,Low
PRV53092,4,4,27000,0.0721,0,Low
PRV53278,13,12,9990,0.0721,0,Low
PRV51269,129,104,38050,0.072,0,Low
PRV53302,18,15,7440,0.072,0,Low
PRV57713,11,10,860,0.072,0,Low
PRV57012,14,13,4070,0.0719,0,Low
PRV54042,31,10,6510,0.0719,0,Low
PRV55421,12,8,6040,0.0718,0,Low
PRV54418,32,19,4360,0.0717,0,Low
PRV56936,15,15,1660,0.0717,0,Low
PRV53146,128,61,40800,0.0715,0,Low
PRV51537,8,8,16110,0.0714,0,Low
PRV57040,10,7,4150,0.0712,0,Low
PRV54100,12,12,22080,0.0711,0,Low
PRV56419,11,10,1510,0.0708,0,Low
PRV51095,79,44,12770,0.0707,0,Low
PRV53830,7,7,490,0.0704,0,Low
PRV53904,138,127,44350,0.0704,0,Low
PRV55288,21,20,7470,0.0704,0,Low
PRV52927,92,44,24140,0.0703,0,Low
PRV51730,99,84,29990,0.07,0,Low
PRV53512,3,3,27000,0.07,0,Low
PRV52203,36,34,13110,0.07,0,Low
PRV57055,3,3,480,0.07,0,Low
PRV52250,9,9,1180,0.0699,0,Low
PRV53267,74,49,20010,0.0699,0,Low
PRV56323,81,60,22710,0.0699,0,Low
PRV52428,55,45,15170,0.0699,0,Low
PRV56690,19,19,19430,0.0697,0,Low
PRV54277,63,23,15820,0.0696,0,Low
PRV54654,18,18,9370,0.0695,0,Low
PRV56921,36,24,10730,0.0695,0,Low
PRV55113,6,5,1020,0.0695,0,Low
PRV53603,1,1,10000,0.0694,0,Low
PRV56847,12,6,3000,0.0694,0,Low
PRV57524,74,63,32200,0.0693,0,Low
PRV51413,7,7,13290,0.0693,0,Low
PRV54484,16,12,2770,0.0693,0,Low
PRV52705,37,8,7230,0.0693,0,Low
PRV55643,30,18,4800,0.0693,0,Low
PRV56085,1,1,0,0.0692,0,Low
PRV52802,23,17,10410,0.0691,0,Low
PRV57559,32,30,6220,0.069,0,Low
PRV52959,2,2,17000,0.0689,0,Low
PRV52680,5,5,1110,0.0688,0,Low
PRV55310,32,31,9230,0.0685,0,Low
PRV56770,30,15,4640,0.0684,0,Low
PRV57505,120,98,29400,0.0683,0,Low
PRV56110,66,43,21750,0.0682,0,Low
PRV56955,38,27,7690,0.0681,0,Low
PRV52139,53,53,19200,0.068,0,Low
PRV57342,95,72,24600,0.068,0,Low
PRV56273,10,8,1840,0.068,0,Low
PRV56812,127,112,36630,0.0679,0,Low
PRV53505,5,5,650,0.0678,0,Low
PRV56436,42,39,21600,0.0676,0,Low
PRV54165,44,33,5640,0.0676,0,Low
PRV55429,3,3,13000,0.0676,0,Low
PRV53543,11,7,1260,0.0675,0,Low
PRV55504,16,15,2570,0.0675,0,Low
PRV56516,14,13,7610,0.0675,0,Low
PRV52215,10,10,5140,0.0675,0,Low
PRV51882,61,40,11010,0.0675,0,Low
PRV52301,40,37,8930,0.0674,0,Low
PRV56842,2,2,160,0.0674,0,Low
PRV56188,15,11,1180,0.0673,0,Low
PRV52496,4,4,14500,0.0672,0,Low
PRV56488,39,32,7490,0.0672,0,Low
PRV56786,5,5,12590,0.0671,0,Low
PRV56737,4,4,1020,0.067,0,Low
PRV53425,40,34,11040,0.067,0,Low
PRV53434,2,2,12000,0.0669,0,Low
PRV57482,35,21,6730,0.0669,0,Low
PRV51900,130,80,24480,0.0668,0,Low
PRV54087,9,9,25910,0.0668,0,Low
PRV55100,53,50,22510,0.0667,0,Low
PRV52524,20,3,6410,0.0667,0,Low
PRV53012,1,1,80,0.0667,0,Low
PRV51192,1,1,60,0.0667,0,Low
PRV53098,12,12,9140,0.0666,0,Low
PRV54476,55,23,16910,0.0666,0,Low
PRV57268,33,18,3710,0.0666,0,Low
PRV51275,19,16,3470,0.0665,0,Low
PRV55686,69,62,11780,0.0665,0,Low
PRV57439,46,22,14050,0.0665,0,Low
PRV53234,2,2,10000,0.0664,0,Low
PRV56670,55,47,22680,0.0664,0,Low
PRV52779,1,1,300,0.0663,0,Low
PRV51461,15,15,8310,0.0663,0,Low
PRV53348,5,4,410,0.0663,0,Low
PRV54493,48,29,15090,0.0663,0,Low
PRV54801,44,42,16280,0.0663,0,Low
PRV53088,4,3,650,0.0661,0,Low
PRV54376,15,12,4730,0.066,0,Low
PRV55109,99,74,36660,0.066,0,Low
PRV54915,60,59,13150,0.066,0,Low
PRV56506,66,26,22100,0.0659,0,Low
PRV57749,49,45,9980,0.0659,0,Low
PRV56704,18,12,9370,0.0658,0,Low
PRV51319,2,2,10000,0.0658,0,Low
PRV52939,42,39,24320,0.0657,0,Low
PRV51559,5,5,22090,0.0657,0,Low
PRV52682,41,16,8100,0.0657,0,Low
PRV52426,26,12,3600,0.0655,0,Low
PRV56022,43,39,12730,0.0655,0,Low
PRV54874,74,42,21010,0.0655,0,Low
PRV56491,39,25,5690,0.0654,0,Low
PRV57451,74,45,17760,0.0654,0,Low
PRV52894,13,13,15000,0.0654,0,Low
PRV51489,2,2,1400,0.0654,0,Low
PRV56160,52,36,19690,0.0653,0,Low
PRV53328,76,48,25090,0.0652,0,Low
PRV53193,2,1,220,0.0651,0,Low
PRV53082,65,17,14400,0.0651,0,Low
PRV56785,75,69,15390,0.0651,0,Low
PRV52060,57,57,11440,0.065,0,Low
PRV56359,3,2,90,0.065,0,Low
PRV54318,28,20,8380,0.0649,0,Low
PRV57483,38,20,5650,0.0649,0,Low
PRV53930,10,9,7980,0.0648,0,Low
PRV52190,34,17,4790,0.0648,0,Low
PRV56779,12,4,4970,0.0647,0,Low
PRV55066,1,1,11000,0.0647,0,Low
PRV54406,24,19,3330,0.0647,0,Low
PRV53039,51,24,17740,0.0647,0,Low
PRV51603,112,100,22790,0.0646,0,Low
PRV54752,16,16,3740,0.0646,0,Low
PRV55282,33,25,6550,0.0646,0,Low
PRV51092,18,14,8840,0.0645,0,Low
PRV55860,100,46,25300,0.0645,0,Low
PRV56838,38,17,6060,0.0645,0,Low
PRV51844,93,78,19610,0.0645,0,Low
PRV53459,77,64,16600,0.0644,0,Low
PRV53738,1,1,1400,0.0643,0,Low
PRV55647,21,15,7230,0.0643,0,Low
PRV57750,105,94,27020,0.0642,0,Low
PRV52198,22,20,3800,0.0642,0,Low
PRV54600,5,3,1250,0.0642,0,Low
PRV52947,15,15,2450,0.0642,0,Low
PRV51907,20,11,3190,0.0642,0,Low
PRV51182,7,7,600,0.0641,0,Low
PRV56096,6,6,410,0.0641,0,Low
PRV52812,1,1,11000,0.064,0,Low
PRV52363,5,4,920,0.064,0,Low
PRV54170,5,4,750,0.064,0,Low
PRV55301,21,19,6410,0.064,0,Low
PRV57068,20,13,4130,0.0637,0,Low
PRV52297,3,3,12000,0.0637,0,Low
PRV56371,21,3,3430,0.0637,0,Low
PRV55327,48,26,12790,0.0637,0,Low
PRV57066,9,8,1710,0.0636,0,Low
PRV54605,2,2,130,0.0635,0,Low
PRV55317,25,20,6980,0.0635,0,Low
PRV53583,4,3,150,0.0635,0,Low
PRV54835,64,63,22690,0.0634,0,Low
PRV55861,66,29,12050,0.0633,0,Low
PRV53650,62,50,10450,0.0633,0,Low
PRV55894,59,58,17880,0.0632,0,Low
PRV52153,43,42,9790,0.0631,0,Low
PRV55082,34,33,9220,0.0631,0,Low
PRV52635,42,37,6230,0.0631,0,Low
PRV56979,9,9,3530,0.0631,0,Low
PRV53068,17,12,3880,0.063,0,Low
PRV53760,71,66,22000,0.0629,0,Low
PRV56534,72,53,16110,0.0628,0,Low
PRV53823,15,15,10040,0.0628,0,Low
PRV51116,23,16,6930,0.0628,0,Low
PRV51402,6,6,15310,0.0627,0,Low
PRV51157,48,45,9770,0.0626,0,Low
PRV51700,28,26,11890,0.0626,0,Low
PRV55725,2,2,4000,0.0626,0,Low
PRV56848,15,12,2530,0.0626,0,Low
PRV55976,5,5,1220,0.0625,0,Low
PRV51757,28,28,11450,0.0625,0,Low
PRV53630,16,15,1940,0.0624,0,Low
PRV54669,15,11,8990,0.0624,0,Low
PRV55546,20,20,3090,0.0624,0,Low
PRV55672,34,31,6690,0.0623,0,Low
PRV53372,12,10,1030,0.0623,0,Low
PRV55422,25,17,8030,0.0623,0,Low
PRV54631,17,9,5760,0.0622,0,Low
PRV52871,17,17,18350,0.0622,0,Low
PRV52444,3,3,24000,0.0622,0,Low
PRV54777,3,3,21000,0.0622,0,Low
PRV53170,27,18,7660,0.0622,0,Low
PRV54738,122,119,20970,0.0621,0,Low
PRV54221,60,49,16880,0.0621,0,Low
PRV54464,54,39,7910,0.062,0,Low
PRV54532,60,34,22050,0.062,0,Low
PRV54487,16,15,1150,0.0619,0,Low
PRV54248,38,36,10850,0.0618,0,Low
PRV56100,9,7,4430,0.0617,0,Low
PRV51962,27,24,4890,0.0617,0,Low
PRV53190,6,5,8050,0.0617,0,Low
PRV57163,39,38,11180,0.0616,0,Low
PRV51220,18,17,1240,0.0616,0,Low
PRV54281,59,44,19360,0.0615,0,Low
PRV51513,12,11,7510,0.0615,0,Low
PRV57114,45,26,14010,0.0615,0,Low
PRV57267,44,35,10020,0.0614,0,Low
PRV56744,6,6,28560,0.0614,0,Low
PRV57237,4,4,1990,0.0614,0,Low
PRV56294,4,3,2730,0.0614,0,Low
PRV51246,8,7,1230,0.0614,0,Low
PRV52620,2,2,3370,0.0614,0,Low
PRV53615,44,41,7270,0.0613,0,Low
PRV55370,68,64,20650,0.0613,0,Low
PRV57353,53,33,17300,0.0612,0,Low
PRV52210,98,90,30150,0.0612,0,Low
PRV55773,66,27,20970,0.0612,0,Low
PRV51783,19,19,2910,0.0612,0,Low
PRV53737,2,2,120,0.0612,0,Low
PRV54272,34,16,6510,0.061,0,Low
PRV55349,96,81,20550,0.061,0,Low
PRV57384,6,6,3660,0.0609,0,Low
PRV57155,48,43,8840,0.0609,0,Low
PRV57007,1,1,30,0.0608,0,Low
PRV51094,48,19,16450,0.0608,0,Low
PRV57370,5,5,420,0.0608,0,Low
PRV52946,19,16,7350,0.0607,0,Low
PRV56312,6,6,1410,0.0607,0,Low
PRV54655,21,21,7230,0.0607,0,Low
PRV53400,66,64,16710,0.0607,0,Low
PRV51701,36,35,8860,0.0607,0,Low
PRV57457,68,49,20070,0.0606,0,Low
PRV54329,54,40,16190,0.0605,0,Low
PRV56661,24,24,4610,0.0605,0,Low
PRV55369,88,79,19890,0.0605,0,Low
PRV51033,41,41,7740,0.0604,0,Low
PRV54386,5,5,810,0.0603,0,Low
PRV53316,31,22,6240,0.0603,0,Low
PRV57665,17,7,6250,0.0603,0,Low
PRV57621,69,51,22520,0.0602,0,Low
PRV52505,11,8,6470,0.0602,0,Low
PRV54428,45,18,10720,0.0602,0,Low
PRV57745,2,2,510,0.0601,0,Low
PRV52429,30,30,13050,0.0601,0,Low
PRV57535,56,52,15570,0.0601,0,Low
PRV51683,2,2,100,0.0601,0,Low
PRV52967,4,4,22000,0.0601,0,Low
PRV57281,9,9,4500,0.06,0,Low
PRV54243,37,32,8570,0.06,0,Low
PRV54607,16,12,8300,0.0599,0,Low
PRV52534,40,32,8650,0.0599,0,Low
PRV54641,76,53,21160,0.0599,0,Low
PRV52234,72,59,11560,0.0598,0,Low
PRV54755,48,47,8210,0.0598,0,Low
PRV53893,83,73,30470,0.0598,0,Low
PRV51835,3,3,22000,0.0597,0,Low
PRV53264,28,24,8460,0.0597,0,Low
PRV52223,2,2,280,0.0597,0,Low
PRV51150,34,27,14650,0.0596,0,Low
PRV52888,8,8,2320,0.0596,0,Low
PRV52316,22,21,8320,0.0596,0,Low
PRV55629,3,3,270,0.0595,0,Low
PRV51975,107,93,24050,0.0595,0,Low
PRV53883,35,33,5800,0.0595,0,Low
PRV54095,106,70,25210,0.0595,0,Low
PRV51493,36,36,13320,0.0595,0,Low
PRV52245,9,9,1550,0.0595,0,Low
PRV55249,68,59,22910,0.0594,0,Low
PRV55075,11,11,7550,0.0594,0,Low
PRV51651,2,2,220,0.0594,0,Low
PRV52735,20,14,12690,0.0593,0,Low
PRV53231,16,11,2440,0.0592,0,Low
PRV56505,19,18,6960,0.0592,0,Low
PRV56082,1,1,300,0.0592,0,Low
PRV53736,2,2,510,0.0592,0,Low
PRV54884,40,40,10930,0.0591,0,Low
PRV54912,45,34,15590,0.0591,0,Low
PRV56695,11,9,950,0.0591,0,Low
PRV51903,46,44,14320,0.0591,0,Low
PRV55315,33,23,9000,0.0591,0,Low
PRV57589,31,23,6820,0.059,0,Low
PRV55923,3,3,100,0.059,0,Low
PRV53890,30,29,13320,0.059,0,Low
PRV55406,26,13,7260,0.0589,0,Low
PRV53488,7,7,3930,0.0589,0,Low
PRV53285,37,32,11720,0.0589,0,Low
PRV56567,19,19,2210,0.0589,0,Low
PRV52345,14,10,7070,0.0588,0,Low
PRV54241,12,12,2070,0.0588,0,Low
PRV51530,43,41,20170,0.0588,0,Low
PRV54015,1,1,3300,0.0587,0,Low
PRV56644,24,21,5040,0.0587,0,Low
PRV53195,8,4,2280,0.0587,0,Low
PRV53576,13,12,4050,0.0587,0,Low
PRV53579,13,12,3690,0.0586,0,Low
PRV52305,37,34,9610,0.0586,0,Low
PRV57685,23,21,6710,0.0586,0,Low
PRV51662,104,88,26080,0.0586,0,Low
PRV56983,31,29,7440,0.0586,0,Low
PRV56472,54,41,12320,0.0586,0,Low
PRV54994,23,23,2730,0.0585,0,Low
PRV55924,30,29,13430,0.0585,0,Low
PRV53542,4,4,100,0.0585,0,Low
PRV51832,1,1,4000,0.0584,0,Low
PRV57604,84,36,19490,0.0584,0,Low
PRV56061,1,1,50,0.0584,0,Low
PRV53653,1,1,100,0.0584,0,Low
PRV53898,92,84,25730,0.0584,0,Low
PRV55332,8,8,4000,0.0583,0,Low
PRV55952,57,52,15090,0.0583,0,Low
PRV51208,14,14,1240,0.0582,0,Low
PRV56865,47,38,10120,0.0582,0,Low
PRV53010,14,12,9230,0.0582,0,Low
PRV55597,6,6,2900,0.0582,0,Low
PRV52243,23,23,8710,0.0582,0,Low
PRV53199,1,1,40,0.0582,0,Low
PRV53557,1,1,30,0.0581,0,Low
PRV52749,3,3,570,0.0581,0,Low
PRV51385,38,36,11600,0.0581,0,Low
PRV51785,2,2,2790,0.058,0,Low
PRV53209,21,16,4100,0.0579,0,Low
PRV55090,44,41,15240,0.0579,0,Low
PRV57497,15,14,2870,0.0579,0,Low
PRV57060,1,1,10,0.0579,0,Low
PRV57430,45,42,18450,0.0578,0,Low
PRV53795,47,46,13300,0.0577,0,Low
PRV55415,8,4,1290,0.0577,0,Low
PRV51481,3,3,3050,0.0577,0,Low
PRV55823,105,51,23220,0.0577,0,Low
PRV55698,26,10,2820,0.0577,0,Low
PRV53847,18,18,9580,0.0577,0,Low
PRV52430,16,8,1960,0.0576,0,Low
PRV53332,27,20,6770,0.0576,0,Low
PRV57029,106,103,22880,0.0575,0,Low
PRV52780,11,11,3080,0.0575,0,Low
PRV54899,22,21,10060,0.0575,0,Low
PRV57681,19,13,4200,0.0574,0,Low
PRV54447,15,14,8290,0.0574,0,Low
PRV54189,6,6,830,0.0574,0,Low
PRV54626,4,3,290,0.0574,0,Low
PRV53132,32,29,10930,0.0574,0,Low
PRV55115,31,30,11770,0.0573,0,Low
PRV57622,14,11,5350,0.0573,0,Low
PRV57249,28,18,6910,0.0572,0,Low
PRV56925,1,1,400,0.0572,0,Low
PRV51187,10,10,1910,0.0571,0,Low
PRV57271,6,6,1110,0.0571,0,Low
PRV56665,73,31,17790,0.057,0,Low
PRV57420,68,57,21280,0.057,0,Low
PRV54797,15,15,7650,0.057,0,Low
PRV53803,29,29,11730,0.057,0,Low
PRV53567,5,4,1860,0.0569,0,Low
PRV52650,10,9,2620,0.0569,0,Low
PRV51506,47,46,14300,0.0569,0,Low
PRV55280,14,12,7360,0.0569,0,Low
PRV54018,12,10,1910,0.0568,0,Low
PRV55636,2,2,210,0.0568,0,Low
PRV56059,6,6,1400,0.0568,0,Low
PRV52413,9,9,5900,0.0568,0,Low
PRV53003,32,23,7880,0.0568,0,Low
PRV51019,6,6,3590,0.0567,0,Low
PRV55987,23,20,8600,0.0567,0,Low
PRV55947,36,36,9070,0.0566,0,Low
PRV57377,29,24,12380,0.0566,0,Low
PRV54195,13,5,4650,0.0566,0,Low
PRV57562,39,33,9150,0.0566,0,Low
PRV51772,17,16,5110,0.0566,0,Low
PRV53800,77,75,21960,0.0566,0,Low
PRV56292,9,7,1790,0.0566,0,Low
PRV54586,1,1,10,0.0566,0,Low
PRV52339,72,69,19290,0.0566,0,Low
PRV52207,30,30,6210,0.0565,0,Low
PRV54979,65,59,24850,0.0565,0,Low
PRV53022,3,3,20000,0.0565,0,Low
PRV53914,10,10,1690,0.0565,0,Low
PRV53744,52,51,15420,0.0565,0,Low
PRV56043,59,55,17720,0.0564,0,Low
PRV55553,73,56,24160,0.0564,0,Low
PRV53330,10,8,6590,0.0564,0,Low
PRV56332,64,45,22420,0.0563,0,Low
PRV54851,28,26,3500,0.0563,0,Low
PRV56107,22,22,3340,0.0563,0,Low
PRV54969,14,14,1510,0.0563,0,Low
PRV52977,2,2,5000,0.0563,0,Low
PRV56053,2,2,460,0.0563,0,Low
PRV53552,2,2,990,0.0563,0,Low
PRV52685,2,2,400,0.0562,0,Low
PRV54744,63,55,16530,0.0562,0,Low
PRV52968,5,5,3110,0.0561,0,Low
PRV56600,34,29,9750,0.0561,0,Low
PRV54823,1,1,4000,0.0561,0,Low
PRV56994,3,3,1100,0.0561,0,Low
PRV56162,5,5,1520,0.056,0,Low
PRV55403,14,10,4260,0.056,0,Low
PRV56794,13,12,3400,0.056,0,Low
PRV56327,7,6,730,0.056,0,Low
PRV53852,9,9,640,0.0559,0,Low
PRV55308,35,35,7890,0.0559,0,Low
PRV51375,42,42,17010,0.0558,0,Low
PRV55347,7,7,3670,0.0557,0,Low
PRV51791,4,3,1010,0.0557,0,Low
PRV52244,19,17,2380,0.0556,0,Low
PRV53853,3,3,400,0.0556,0,Low
PRV56197,6,6,690,0.0556,0,Low
PRV54260,64,48,21370,0.0555,0,Low
PRV57258,41,35,11540,0.0555,0,Low
PRV53414,26,23,10070,0.0555,0,Low
PRV55105,6,6,560,0.0554,0,Low
PRV51193,23,22,8430,0.0554,0,Low
PRV52973,2,2,17000,0.0554,0,Low
PRV54791,2,2,1650,0.0554,0,Low
PRV52522,16,13,3070,0.0553,0,Low
PRV57387,49,47,14240,0.0553,0,Low
PRV56365,24,13,3030,0.0553,0,Low
PRV56676,4,4,4820,0.0553,0,Low
PRV53529,19,19,2940,0.0552,0,Low
PRV55524,91,89,20310,0.0552,0,Low
PRV52619,16,16,1440,0.0552,0,Low
PRV54736,10,10,4430,0.0552,0,Low
PRV51400,29,29,8070,0.0551,0,Low
PRV54321,3,3,670,0.055,0,Low
PRV56822,8,8,850,0.055,0,Low
PRV51912,10,9,3970,0.055,0,Low
PRV51028,9,9,1490,0.055,0,Low
PRV51294,6,6,820,0.0549,0,Low
PRV55922,38,33,10510,0.0549,0,Low
PRV53822,11,9,5370,0.0549,0,Low
PRV53185,6,5,560,0.0548,0,Low
PRV55758,15,13,1750,0.0548,0,Low
PRV54104,44,40,9960,0.0547,0,Low
PRV51686,11,11,1730,0.0547,0,Low
PRV55533,66,50,15630,0.0547,0,Low
PRV55960,75,75,12890,0.0547,0,Low
PRV51107,14,10,1560,0.0546,0,Low
PRV52382,8,7,610,0.0546,0,Low
PRV56298,6,5,2570,0.0546,0,Low
PRV51519,31,30,10890,0.0546,0,Low
PRV53778,51,50,22690,0.0546,0,Low
PRV51174,45,44,13790,0.0546,0,Low
PRV53058,8,7,2780,0.0546,0,Low
PRV54584,24,23,8780,0.0545,0,Low
PRV54470,22,15,6520,0.0545,0,Low
PRV55899,53,49,19630,0.0544,0,Low
PRV55488,19,19,8250,0.0544,0,Low
PRV54844,2,2,810,0.0543,0,Low
PRV52016,23,23,7080,0.0543,0,Low
PRV55611,8,7,2510,0.0542,0,Low
PRV55781,4,4,4430,0.0542,0,Low
PRV55722,6,6,910,0.0542,0,Low
PRV56698,1,1,20,0.0541,0,Low
PRV52734,2,2,3800,0.0541,0,Low
PRV54292,7,7,950,0.0541,0,Low
PRV54143,1,1,10,0.0541,0,Low
PRV55799,2,2,300,0.054,0,Low
PRV51370,47,46,17280,0.054,0,Low
PRV53882,45,45,11720,0.054,0,Low
PRV56924,21,19,5960,0.0539,0,Low
PRV57019,11,11,3730,0.0539,0,Low
PRV57044,14,13,1430,0.0539,0,Low
PRV51227,6,6,1780,0.0539,0,Low
PRV57338,37,37,14840,0.0539,0,Low
PRV55102,65,54,16500,0.0539,0,Low
PRV53481,6,6,520,0.0539,0,Low
PRV55517,43,43,14470,0.0538,0,Low
PRV54807,4,4,270,0.0538,0,Low
PRV51800,4,3,1260,0.0538,0,Low
PRV51223,8,8,1230,0.0538,0,Low
PRV52716,22,18,6690,0.0537,0,Low
PRV56943,49,48,13870,0.0537,0,Low
PRV52034,49,47,13730,0.0537,0,Low
PRV53834,5,5,2050,0.0536,0,Low
PRV53219,3,3,140,0.0536,0,Low
PRV51106,7,7,450,0.0535,0,Low
PRV56952,16,13,3780,0.0535,0,Low
PRV57037,9,9,1360,0.0535,0,Low
PRV54592,12,9,4940,0.0535,0,Low
PRV54286,7,7,1520,0.0534,0,Low
PRV54857,28,28,6440,0.0534,0,Low
PRV57009,15,15,6020,0.0534,0,Low
PRV51649,20,20,4030,0.0533,0,Low
PRV55784,3,3,760,0.0533,0,Low
PRV53833,14,14,3190,0.0533,0,Low
PRV53998,57,44,24570,0.0533,0,Low
PRV56356,9,5,4090,0.0533,0,Low
PRV53742,52,49,13640,0.0533,0,Low
PRV57695,5,5,500,0.0532,0,Low
PRV57628,1,1,100,0.0532,0,Low
PRV54190,23,23,8660,0.0532,0,Low
PRV57556,81,68,25950,0.0532,0,Low
PRV51367,4,4,810,0.0532,0,Low
PRV51971,7,7,3920,0.0531,0,Low
PRV56315,8,7,940,0.0531,0,Low
PRV57637,1,1,30,0.053,0,Low
PRV52664,25,25,9030,0.053,0,Low
PRV55878,1,1,80,0.053,0,Low
PRV57349,4,4,880,0.0529,0,Low
PRV56069,3,3,180,0.0529,0,Low
PRV53152,2,2,260,0.0529,0,Low
PRV54570,4,4,2340,0.0528,0,Low
PRV52370,18,17,3680,0.0528,0,Low
PRV54147,6,5,830,0.0528,0,Low
PRV53687,13,13,1960,0.0528,0,Low
PRV55630,2,2,170,0.0527,0,Low
PRV55065,1,1,40,0.0526,0,Low
PRV52268,6,6,1880,0.0526,0,Low
PRV56296,10,10,1090,0.0526,0,Low
PRV57506,13,12,4760,0.0525,0,Low
PRV57003,11,9,3320,0.0525,0,Low
PRV56081,5,5,290,0.0525,0,Low
PRV54839,39,37,13160,0.0525,0,Low
PRV52923,6,6,260,0.0525,0,Low
PRV56325,1,1,20,0.0525,0,Low
PRV51197,8,8,3950,0.0525,0,Low
PRV51548,13,13,3140,0.0524,0,Low
PRV55287,2,2,60,0.0524,0,Low
PRV54022,13,13,4370,0.0524,0,Low
PRV52762,4,4,470,0.0524,0,Low
PRV54440,5,5,3900,0.0523,0,Low
PRV52489,27,27,7070,0.0523,0,Low
PRV54138,2,2,480,0.0523,0,Low
PRV54488,9,9,5300,0.0523,0,Low
PRV57008,6,6,510,0.0522,0,Low
PRV57554,3,3,280,0.0522,0,Low
PRV54417,29,17,6410,0.0522,0,Low
PRV51659,4,4,270,0.0521,0,Low
PRV53184,2,2,900,0.0521,0,Low
PRV53826,8,7,1140,0.0521,0,Low
PRV53902,8,8,6320,0.052,0,Low
PRV55107,13,13,5350,0.052,0,Low
PRV54174,11,10,5340,0.052,0,Low
PRV54872,4,4,3750,0.0519,0,Low
PRV54010,14,14,2430,0.0519,0,Low
PRV56372,2,2,850,0.0519,0,Low
PRV53458,7,7,4020,0.0519,0,Low
PRV52259,5,5,260,0.0518,0,Low
PRV55628,3,3,520,0.0517,0,Low
PRV57726,8,8,1590,0.0517,0,Low
PRV52965,15,13,4720,0.0517,0,Low
PRV51646,4,4,820,0.0516,0,Low
PRV55747,6,6,190,0.0516,0,Low
PRV53046,13,10,5060,0.0516,0,Low
PRV55645,12,12,5100,0.0515,0,Low
PRV53538,8,8,3440,0.0515,0,Low
PRV55373,4,4,300,0.0515,0,Low
PRV53500,2,2,110,0.0515,0,Low
PRV52737,2,2,80,0.0515,0,Low
PRV53160,14,8,4750,0.0515,0,Low
PRV54632,3,3,240,0.0514,0,Low
PRV53181,3,3,170,0.0514,0,Low
PRV55201,7,7,710,0.0512,0,Low
PRV54169,1,1,700,0.0512,0,Low
PRV56940,6,6,240,0.0512,0,Low
PRV53497,6,6,690,0.0512,0,Low
PRV56627,4,4,1440,0.0511,0,Low
PRV55407,19,9,6180,0.0511,0,Low
PRV56619,1,1,90,0.051,0,Low
PRV53430,3,3,1090,0.051,0,Low
PRV51087,6,6,5550,0.051,0,Low
PRV55979,8,8,5520,0.051,0,Low
PRV57703,2,2,80,0.0509,0,Low
PRV53537,18,17,8090,0.0509,0,Low
PRV54492,9,9,4880,0.0509,0,Low
PRV56070,5,5,2640,0.0509,0,Low
PRV53130,15,15,1660,0.0508,0,Low
PRV53080,5,5,490,0.0508,0,Low
PRV51445,16,16,5790,0.0507,0,Low
PRV51880,14,14,3830,0.0507,0,Low
PRV54533,4,4,90,0.0507,0,Low
PRV56192,2,2,420,0.0507,0,Low
PRV55756,15,15,6920,0.0506,0,Low
PRV57243,13,13,6350,0.0506,0,Low
PRV51714,10,10,2220,0.0506,0,Low
PRV55594,8,8,690,0.0506,0,Low
PRV56215,2,2,170,0.0506,0,Low
PRV54364,10,10,1040,0.0505,0,Low
PRV54446,10,10,2860,0.0505,0,Low
PRV54458,9,9,970,0.0504,0,Low
PRV55568,2,2,130,0.0503,0,Low
PRV54921,13,13,700,0.0503,0,Low
PRV52330,4,4,930,0.0503,0,Low
PRV54453,2,2,2530,0.0502,0,Low
PRV57395,1,1,20,0.0502,0,Low
PRV56064,2,2,2700,0.0501,0,Low
PRV53115,15,11,5010,0.0501,0,Low
PRV51768,4,4,420,0.05,0,Low
PRV51643,8,8,6490,0.05,0,Low
PRV51310,17,13,6510,0.05,0,Low
PRV56922,13,12,3620,0.0499,0,Low
PRV57260,10,10,4380,0.0499,0,Low
PRV57042,15,12,3510,0.0499,0,Low
PRV53739,7,7,6320,0.0498,0,Low
PRV56804,4,4,730,0.0498,0,Low
PRV56692,11,9,4090,0.0498,0,Low
PRV55336,1,1,300,0.0497,0,Low
PRV56097,1,1,0,0.0497,0,Low
PRV51756,10,10,1800,0.0497,0,Low
PRV53089,1,1,40,0.0497,0,Low
PRV56961,11,10,5150,0.0496,0,Low
PRV52322,4,4,690,0.0496,0,Low
PRV51667,6,6,400,0.0496,0,Low
PRV55311,9,9,3140,0.0496,0,Low
PRV54527,15,15,3700,0.0493,0,Low
PRV51184,13,13,4320,0.0493,0,Low
PRV57362,8,7,2060,0.0493,0,Low
PRV54108,3,3,620,0.0493,0,Low
PRV54032,9,9,2220,0.0493,0,Low
PRV54161,5,5,790,0.0492,0,Low
PRV52906,3,3,210,0.0492,0,Low
PRV57620,4,4,330,0.0492,0,Low
PRV55696,10,10,2810,0.0492,0,Low
PRV52481,4,4,560,0.0492,0,Low
PRV55101,8,8,1400,0.049,0,Low
PRV53858,10,10,1260,0.049,0,Low
PRV54709,4,4,850,0.049,0,Low
PRV56079,9,9,470,0.049,0,Low
PRV56646,6,6,740,0.049,0,Low
PRV51904,4,4,920,0.0489,0,Low
PRV52239,11,11,1290,0.0488,0,Low
PRV54151,10,10,810,0.0488,0,Low
PRV56806,9,9,1690,0.0488,0,Low
PRV56326,4,4,1290,0.0488,0,Low
PRV55998,8,8,1650,0.0487,0,Low
PRV56927,7,7,410,0.0487,0,Low
PRV51615,14,14,5730,0.0486,0,Low
PRV53747,12,12,1580,0.0484,0,Low
PRV52194,4,4,300,0.0482,0,Low
PRV53825,5,5,580,0.0482,0,Low
PRV55461,11,11,2710,0.0481,0,Low
PRV55616,12,11,3010,0.0479,0,Low
PRV55294,4,4,350,0.0478,0,Low
PRV52258,5,5,1890,0.0473,0,Low
PRV52765,11,11,2570,0.0469,0,Low
